test_case,sequence,length
trp-cage-cage,DAYAQWLKDGGPSSGRPPPS,20
P15337_2,TDSQKRREILSRRPSYRKILNDLSSDAP,28
P09391,MLMITSFANPRVAQAFVDYMATQGVILTIQQHNQSDVWLADESQAERVRAELARFLENPADLDHHHHHH,69
Q2FYI5,MSDVSLKLSAKDIYEKDFEKTMARGYRREEVDAFLDDIIADYQKMADMNNEVVKLSEENHKLKKELEELR,70
P13304,MNVDPHFDKFMESGIRHVYMLFENKSVESSEQFYSFMRTTYKNDPCSSDFECIERGAEMAQSYARIMNIKLETE,74
Q699R5,GAMERLADRALLDFATPHRGFHDLLRPVDFHQAMQGLRSVLAEGQSPELRAAAILLEQMHADEQLMQMTLHLLHKV,76
P50405,SDTECHFCKSVINQAWNTSEQAMPQAMHQACLRFWLDRQKCEQFVEQHMPQLLALVPRSQDAHITCQALGVCEAPAS,77
P0CL43,GSHMDNSASKNSAISSSIFCEKYKQTKEQALTFFQEHPQYMRSKEDEEQLMTEFKKVLLEPGSKNLSIYQTLLAAHERLQAL,82
J7QA90,MSAVKKQRIDLRLTDDDKSMIEEAAAISNQSVSQFMLNSASQRAAEVIEQHRRVILNEESWTRVMDALSNPPSPGEKLKRAAKRLQGM,88
P21926,MGSKDEVIKEVQEFYKDTYNKLKTKDEPQRETLKAIHYALNCCGLAGGVEQFISDICPKKDVLETFTVKSCPDAIKEVFDNAAAHHHHHH,90
A0A377JKY9,GSMAMKITSSNFATIATSENFAKLSVLPKNHREPIKGLFKSAVEQFSSARDFFKNENYSKELAEKFNKEAVNEAVEKLQKAIDLAEKQGIQF,92
P23895,MNPYIYLGGAILAEVIGTTLMKFSNGFTRLIPSMGTIICYCASFWLLAQTLAYIPTGIAYAIWSGVGIVLISLLSWGFFGQRLDLPAIIGMMLICAGVLIINLLSRSTPH,110
Q31PX7,MRIDELVPADPRAVSLYTPYYSQANRRRYLPYALSLYQGSSIEGSRAVEGGAPISFVATWTVTPLPADMTRCHLQFNNDAELTYEILLPNHEFLEYLIDMLMGYQRMQKTDFPGAFYRRLLGYDS,125
Q16595,GSHMGSLDETTYERLAEETLDSLAEFFEDLADKPYTFEDYDVSFGSGVLTVKLGGDLGTYVINKQTPNKQIWLSSPSSGPKRYDWTGKNWVYSHDGVSLHELLAAELTKALKTKLDLSSLAYSGKDA,127
P79345,EPVKFKDCGSWVGVIKEVNVSPCPTQPCKLHRGQSYSVNVTFTSNTQSQSSKAVVHGIVMGIPVPFPIPESDGCKSGIRCPIEKDKTYNYVNKLPVKNEYPSIKVVVEWELTDDKNQRFFCWQIPIEVEA,130
A0A0M3KL39,SNAMKDFHFDAISAFENYEIEKMRDGHVVVTTKVVNSSLNYYGNAHGGYLFTLCDQISGLVVISLGLDGVTLQSSINYLKAGKLDDVLTIKGECVHQGRTTCVMDVDITNQEGRNVCKATFTMFVTGQRSEERRVRI,137
P67701,MIAIADILQAGEKLTAVAPFLAGIQNEEQYTQALELVDHLLLNDPENPLLDLVCAKITAWEESAPEFAEFNAMAQAMPGGIAVIRTLMDQYGLTLSDLPEIGSKSMVSRVLSGKRKLTLEHAKKLATRFGISPALFID,138
P03047,SDKQKAINYLMQFAHKVSGKYRGVAKLEGNTKAKVLQVLATFAYADYCRSAATPGARCRDCHGTGRAVDIAKTKLWGRVVEKECGRCKGVGYSRMPASAAYRAVTMLIPNLTQPTWSRTVKPLYDALVVQCHKEESIADNILNAVTR,147
A0A1B2CW14,SNAGNNDLENVKAIAIVYRELSDGSQTVLLAKMKGLADEKGWMFVRGHVRKDEEADPGVAAIRETQEETGFTGMVKQSGAPFTQPGSKDPQRVITIHPHIVQVQEASKSKDTEDTVKREFLWVRPSEVRSKLQRAEMIQAWDQLHSFF,148
P0DP23,ADQLTEEQIAEFKEAFSLFDKDGDGTITTKELGTVMRSLGQNPTEAELQDMINEVDADGNGTIDFPEFLTMMARKMKDTDSEEEIREAFRVFDKDGNGYISAAELRHVMTNLGEKLTDEEVDEMIREADIDGDGQVNYEEFVQMMTAK,148
O88273,MRKNRPAGAIPSPYKDGSSNNSERWHHQIKEVLASSQEALVVTERKYLKSDWCKTQPLRQTVSEEGCRSRTILNRFCYGQCNSFYIPRHVKKEEDSFQSCAFCKPQRVTSVIVELECPGLDPPFRIKKIQKVKHCRCMSVNLSDSDKQ,148
P0A7F3,MTHDNKLQVEAIKRGTVIDHIPAQIGFKLLSLFKLTETDQRITIGLNLPSGEMGRKDLIKIENTFLSEDQVDQLALYAPQATVNRIDNYEVVGKSRPSLPERIDNVLVCPNSNCISHAEPVSSSFAVRKRANDIALKCKYCEKEFSHNVVLAN,153
P68082,GLSDGEWQQVLNVWGKVEADIAGHGQEVLIRLFTGHPETLEKFDKFKHLKTEAEMKASEDLKKHGTVVLTALGGILKKKAAAEAELKPLAQSHATKHKIPIKYLEFISDAIIHVLHSKHPGDFGADAQGAMTKALELFRNDIAAKYKELGFQG,153
P26281,TVAYIAIGSNLASPLEQVNAALKALGDIPESHILTVSSFYRTPPLGPQDQPDYLNAAVALETSLAPEELLNHTQRIELQQGRVRKAERWGPRTLDLDIMLFGNEVINTERLTVPHYDMKNRGFMLWPLFEIAPELVFPDGEMLRQILHTRAFDKLNKW,158
Q8E473,RIMKLDDERQTETYITQINPEGKEMYFASGLGNLYTIIGSDGTSGSPVNLLNAEVKILKTNSKNLTDSMDQNYDSPEFEDVTSQYSYTNDGSKITIDWKTNSISSTTSYVVLVKIPKQSGVLYSTVSDINQTYGSKYSYGHTNISGDSDANAEIKLLSLEHHHHHH,166
P01112,MTEYKLVVVGAGGVGKSALTIQLIQNHFVDEYDPTIEDSYRKQVVIDGETCLLDILDTAGQEEYSAMRDQYMRTGEGFLCVFAINNTKSFEDIHQYREQIKRVKDSDDVPMVLVGNKCDLAARTVESRQAQDLARSYGIPYIETSAKTRQGVEDAFYTLVREIRQH,166
Q29495,RRHTLPANEFRCLTPEDAAGVFEIEREAFISVSGNCPLNLDEVQHFLTLCPELSLGWFVEGRLVAFIIGSLWDEERLTQESLALHRPRGHSAHLHALAVHRSFRQQGKGSVLLWRYLHHVGAQPAVRRAVLMCEDALVPFYQRFGFHPAGPCAIVVGSLTFTEMHCSLRGHAAL,174
P61586,AIRKKLVIVGDGACGKTCLLIVNSKDQFPEVYVPTVFENYVADIEVDGKQVELALWDTAGQEDYDRLRPLSYPDTDVILMCFSIDSPDSLENIPEKWTPEVKHFCPNVPIILVGNKKDLRNDEHTRRELAKMKQEPVKPEEGRDMANRIGAFGYMECSAKTKDGVREVFEMATRAALQ,178
P84080,MGNIFANLFKGLFGKKEMRILMVGLDAAGKTTILYKLKLGEIVTTIPTIGFNVETVEYKNISFTVWDVGGQDKIRPLWRHYFQNTQGLIFVVDSNDRERVNEAREELMRMLAEDELRDAVLLVFANKQDLPNAMNAAEITDKLGLHSLRHRNWYIQATCATSGDGLYEGLDWLSNQLRNQK,181
P9WPY3,MAPKAVLVGLPGSGKSTIGRRLAKALGVGLLDTDVAIEQRTGRSIADIFATDGEQEFRRIEEDVVRAALADHDGVLSLGGGAVTSPGVRAALAGHTVVYLEISAAEGVRRTGGNTVRPLLAGPDRAEKYRALMAKRAPLYRRVATMRVDTNRRNPGAVVRHILSRLQVPSPSEAATLEHHHHHH,184
Q58L87,GMTSPSIESGARERTRRAILDAAMLVLADHPTAALGDIAAAAGVGRSTVHRYYPERTDLLRALARHVHDLSNAAIERADPTSGPVDAALRRVVESQLDLGPIVLFVYYEPSILADPELAAYFDIGDEAIVEVLNRASTERPEYPPGWARRVFWALMQAGYEAAKDGMPRHQIVDAIMTSLTSGIITLPRT,190
P69441,MRIILLGAPGAGKGTQAQFIMEKYGIPQISTGDMLRAAVKSGSELGKQAKDIMDAGKLVTDELVIALVKERIAQEDCRNGFLLDGFPRTIPQADAMKEAGINVDYVLEFDVPDELIVDRIVGRRVHAPSGRVYHVKFNPPKVEGKDDVTGEELTTRKDDQEETVRKRLVEYHQMTAPLIGYYSKEAEAGNTKYAKVDGTKPVAEVRADLEKILG,214
P73184,MHHHHHHSSGLVPRGSGMKETAAAKFERQHMDSPDLGTDDDDKAMADIGSLQNIFRATSDEVRHLLSCDRVLVYRFNPDWSGEFIHESVAQMWEPLKDLQNNFPLWQDTYLQENEGGRYRNHESLAVGDVETAGFTDCHLDNLRRFEIRAFLTVPVFVGEQLWGLLGAYQNGAPRHWQAREIHLLHQIANQLGVAVYQAQLLARFQELEHHHHHH,215
K0JNC6,GPMVSEQSEIVTSKYQKIAVAVAQRIANGDYEVGEKLKSRTTIASTFNVSPETARKGLNILADLQILTLKHGSGAIILSKEKAIEFLNQYETSHSVAILKGKIRDNIKAQQQEMEELATLVDDFLLQTRAVSKQYPLAPYEIIVSEDSEHLGKSIGELNVWHQTGATIVAIEHEGKFIVSPGPFSVIEQGDHIFFVGDEDVYARMKTYFNLRMGL,215
P21964,MGDTKEQRILNHVLQHAEPGNAQSVLEAIDTYCEQKEWAMNVGDKKGKIVDAVIQEHQPSVLLELGAYCGYSAVRMARLLSPGARLITIEINPDCAAITQRMVDFAGVKDKVTLVVGASQDIIPQLKKKYDVDTLDMVFLDHWKDRYLPDTLLLEECGLLRKGTVLLADNVICPGAPDFLAHVRGSSCFECTHYQSFLEYREVVDGLEKAIYKGPGSEAGP,221
P71447,MFKAVLFDLDGVITDTAEYHFRAWKALAEEIGINGVDRQFNEQLKGVSREDSLQKILDLADKKVSAEEFKELAKRKNDNYVKMIQDVSPADVYPGILQLLKDLRSNKIKIALASASKNGPFLLERMNLTGYFDAIADPAEVAASKPAPDIFIAAAHAVGVAPSESIGLEDSQAGIQAIKDSGALPIGVGRPEDLGDDIVIVPDTSHYTLEFLKEVWLQKQK,221
P0AEQ3,ADKKLVVATDTAFVPFEFKQGDLYVGFDVDLWAAIAKELKLDYELKPMDFSGIIPALQTKNVDLALAGITITDERKKAIDFSDGYYKSGLLVMVKANNNDVKSVKDLDGKVVAVKSGTGSVDYAKANIKTKDLRQFPNIDNAYMELGTNRADAVLHDTPNILYFIKTAGNGQFKAVGDSLEAQQYGIAFPKGSDELRDKVNGALKTLRENGTYNEIYKKWFGTEPK,226
Q8WSF8,DYKDDDDKLHSQANLMRLKSDLFNRSPMYPGPTKDDPLTVTLGFTLQDIVKADSSTNEVDLVYYEQQRWKLNSLMWDPNEYGNITDFRTSAADIWTPDITAYSSTRPVQVLSPQIAVVTHDGSVMFIPAQRLSFMCDPTGVDSEEGATCAVKFGSWVYSGFEIDLKTDTDQVDLSSYYASSKYEILSATQTRQVQHYSCCPEPYIDVNLVVKFRERRAGNGFFRNLFD,228
P02911,ALPQTVRIGTDTTAAPFSSKDAKGEFIGFDIDLGNEMCKRMQVKCTWVASDFDALIPSLKAKKIDAIISSLSITDKRQQEIAFSDKLYAADSRLIAAKGSPIQPTLESLKGKHVGVLQGSTQEAYANDNWRTKGVDVVAYANQDLIYSDLTAGRLDAALQDEVAASEGFLKQPAGKEYAFAGPSVKDKKYFGDGTGVGLRKDDTELKAAFDKALTELRQDGTYDKMAKKYFDFNVYGD,238
P0A8V6,FADRMVIKAQSPAGFAEEYIIESIWNNRFPPGTILPAERELSELIGVTRTTLREVLQRLARDGWLTIQHGKPTKVNNFWETSGLNILETLARLDHESVPQLIDNLLSVRTNISTIFIRTAFRQHPDKAQEVLATANEVADHADAFAELDYNIFRGLAFASGNPIYGLILNGMKGLYTRIGRHYFANPEARSLALGFYHKLSALCSEGAHDQVYETVRRYGHESGEIWHRMQKNLPGDLAIQGR,243
P00766,CGVPAIQPVLSGLSRIVNGEEAVPGSWPWQVSLQDKTGFHFCGGSLINENWVVTAAHCGVTTSDVVVAGEFDQGSSSEKIQKLKIAKVFKNSKYNSLTINNDITLLKLSTAASFSQTVSAVCLPSASDDFAAGTTCVTTGWGLTRYTNANTPDRLQQASLPLLSNTNCKKYWGTKIKDAMICAGASGVSSCMGDSGGPLVCKKNGAWTLVGIVSWGSSTCSTSTPGVYARVTALVNWVQQTLAAN,245
P12758,MSKSDVFHLGLTKNDLQGATLAIVPGDPDRVEKIAALMDKPVKLASHREFTTWRAELDGKPVIVCSTGIGGPSTSIAVEELAQLGIRTFLRIGTTGAIQPHINVGDVLVTTASVRLDGASLHFAPLEFPAVADFECTTALVEAAKSIGATTHVGVTASSDTFYPGQERYDTYSGRVVRHFKGSMEEWQAMGVMNYEMESATLLTMCASQGLRAGMVAGVIVNRTQQEIPNAETMKQTESHAVKIVVEAARRLL,253
P08709,IVGGKVCPKGECPWQVLLLVNGAQLCGGTLINTIWVVSAAHCFDKIKNWRNLIAVLGEHDLSEHDGDEQSRRVAQVIIPSTYVPGTTNHDIALLRLHQPVVLTDHVVPLCLPERTFSERTLAFVRFSLVSGWGQLLDRGATALELMVLNVPRLMTQDCLQQSRKVGDSPNITEYMFCAGYSDGSKDSCKGDSGGPHATHYRGTWYLTGIVSWGQGCATVGHFGVYTRVSQYIEWLQKLMRSEPRPGVLLRAPFP,254
P0A8W0,MGLMNAFDSQTEDSSPAIGRNLRSRPLARKKLSEMVEEELEQMIRRREFGEGEQLPSERELMAFFNVGRPSVREALAALKRKGLVQINNGERARVSRPSADTIIGELSGMAKDFLSHPGGIAHFEQLRLFFESSLVRYAAEHATDEQIDLLAKALEINSQSLDNNAAFIRSDVDFHRVLAEIPGNPIFMAIHVALLDWLIAARPTVTDQALHEHNNVSYQQHIAIVDAIRRHDPDEADRALQSHLNSVSATWHAFGQTTNKKK,263
P62593,HPETLVKVKDAEDQLGARVGYIELDLNSGKILESFRPEERFPMMSTFKVLLCGAVLSRVDAGQEQLGRRIHYSQNDLVEYSPVTEKHLTDGMTVRELCSAAITMSDNTAANLLLTTIGGPKELTAFLHNMGDHVTRLDRWEPELNEAIPNDERDTTTPAAMATTLRKLLTGELLTLASRQQLIDWMEADKVAGPLLRSALPAGWFIADKSGAGERGSRGIIAALGPDGKPSRIVVIYTTGSQATMDERNRQIAEIGASLIKHW,263
P19491,GANKTVVVTTILESPYVMMKKNHEMLEGNERYEGYCVDLAAEIAKHCGFKYKLTIVGDGKYGARDADTKIWNGMVGELVYGKADIAIAPLTITLVREEVIDFSKPFMSLGISIMIKKGTPIESAEDLSKQTEIAYGTLDSGSTKEFFRRSKIAVFDKMWTYMRSAEPSVFVRTTAEGVARVRKSKGKYAYLLESTMNEYIEQRKPCDTMKVGGNLDSKGYGIATPKGSSLGNAVNLAVLKLNEQGLLDKLKNKWWYDKGECGS,263
P0205,KDTIALVVSTLNNPFFVSLKDGAQKEADKLGYNLVVLDSQNNPAKELANVQDLTVRGTKILLINPTDSDAVGNAVKMANQANIPVITLDRQATKGEVVSHIASDNVLGGKIAGDYIAKKAGEGAKVIELQGIAGTSAARERGEGFQQAVAAHKFNVLASQPADFDRIKGLNVMQNLLTAHPDVQAVFAQNDEMALGALRALQTAGKSDVMVVGFDGTPDGEKAVNDGKLAATIAQLPDQIGAKGVETADKVLKGEKVQAKYPVDLKLVVKQ,271
P69801,MEITTLQIVLVFIVACIAGMGSILDEFQFHRPLIACTLVGIVLGDMKTGIIIGGTLEMIALGWMNIGAAVAPDAALASIISTILVIAGHQSIGAGIALAIPLAAAGQVLTIIVRTITVAFQHAADKAADNGNLTAISWIHVSSLFLQAMRVAIPAVIVALSVGTSEVQNMLNAIPEVVTNGLNIAGGMIVVVGYAMVINMMRAGYLMPFFYLGFVTAAFTNFNLVALGVIGTVMAVLYIQLSPKYNRVAGAPAQAAGNNDLDNELDHHHHHHHH,274
P69805,MVDTTQTTTEKKLTQSDIRGVFLRSNLFQGSWNFERMQALGFCFSMVPAIRRLYPENNEARKQAIRRHLEFFNTQPFVAAPILGVTLALEEQRANGAEIDDGAINGIKVGLMGPLAGVGDPIFWGTVRPVFAALGAGIAMSGSLLGPLLFFILFNLVRLATRYYGVAYGYSKGIDIVKDMGGGFLQKLTEGASILGLFVMGALVNKWTHVNIPLVVSRITDQTGKEHVTTVQTILDQLMPGLVPLLLTFACMWLLRKKVNPLWIIVGFFVIGIAGYACGLLGL,283
Q5F9M1,MGHHHHHHHHHHSSGHIDDDDKHMAAAGGSEGGSGASSAPAQSAISGSLIERINNKGTVTVGTEGTYAPFTYHDKDGKLTGYDVEVTRAVAEKLGVKVEFKETQWDSMMAGLKAGRFDVVANQVGLTSPERQATFDKSEPYSWSGAVLVAHNDSNIKSIADIKGVKTAQSLTSNYGEKAKAAGAQLVPVDGLAQSLTLIEQKRADATLNDELAVLDYLKKNPNAGVKIVWSAPADEKVGSGLIVNKGNDEAVAKFSTAINELKADGTLKKLGEQFFGKDISVQ,283
P08037,ASMTGGQQMGRGSSLTACPEESPLLVGPMLIEFNIPVDLKLVEQQNPKVKLGGRYTPMDCISPHKVAIIIPFRNRQEHLKYWLYYLHPILQRQQLDYGIYVINQAGESMFNRAKLLNVGFKEALKDYDYNCFVFSDVDLIPMNDHNTYRCFSQPRHISVAMDKFGFSLPYVQYFGGVSALSKQQFLSINGFPNNYWGAGGEDDDIYNRLAFRGMSVSRPNAVIGKTRMIRHSRDKKNEPNPQRFDRIAHTKETMLSDGLNSLTYMVLEVQRYPLYTKITVDIGTPS,286
Q13557,SMTDEYQLFEELGKGAFSVVRRCMKIPTGQEYAAKIINTKKLSARDHQKLEREARICRLLKHPNIVRLHDSISEEGFHYLVFDLVTGGELFEDIVAREYYSEADASHCIQQILESVNHCHLNGIVHRDLKPENLLLASKSKGAAVKLADFGLAIEVQGDQQAWFGFAGTPGYLSPEVLRKDPYGKPVDMWACGVILYILLVGYPPFWDEDQHRLYQQIKAGAYDFPSPEWDTVTPEAKDLINKMLTINPAKRITASEALKHPWICQRSTVASMMHRQETVDCLKKFNARRKLKGAILTTML,301
P44542,ADYDLKFGMNAGTSSNEYKAAEMFAKEVKEKSQGKIEISLYPSSQLGDDRAMLKQLKDGSLDFTFAESARFQLFYPEAAVFALPYVISNYNVAQKALFDTEFGKDLIKKMDKDLGVTLLSQAYNGTRQTTSNRAINSIADMKGLKLRVPNAATNLAYAKYVGASPTPMAFSEVYLALQTNAVDGQENPLAAVQAQKFYEVQKFLAMTNHILNDQLYLVSNETYKELPEDLQKVVKDAAENAAKYHTKLFVDGEKDLVTFFEKQGVKITHPDLVPFKESMKPYYAEFVKQTGQKGESALKQIEAINP,306
P37487,MEKILIFGHQNPDTDTICSAIAYADLKNKLGFNAEPVRLGQVNGETQYALDYFKQESPRLVETAANEVNGVILVDHNERQQSIKDIEEVQVLEVIDHHRIANFETAEPLYYRAEPVGCTATILNKMYKENNVKIEKEIAGLMLSAIISDSLLFKSPTCTDQDVAAAKELAEIAGVDAEEYGLNMLKAGADLSKKTVEELISLDAKEFTLGSKKVEIAQVNTVDIEDVKKRQAELEAVISKVVAEKNLDLFLLVITDILENDSLALAIGNEAAKVEKAFNVTLENNTALLKGVVSRKKQVVPVLTDAMAE,309
P08581,NTVHIDLSALNPELVQAVQHVVIGPSSLIVHFNEVIGRGHFGCVYHGTLLDNDGKKIHCAVKSLNRITDIGEVSQFLTEGIIMKDFSHPNVLSLLGICLRSEGSPLVVLPYMKHGDLRNFIRNETHNPTVKDLIGFGLQVAKGMKFLASKKFVHRDLAARNCMLDEKFTVKVADFGLARDMYDKEFDSVHNKTGAKLPVKWMALESLQTQKFTTKSDVWSFGVLLWELMTRGAPPYPDVNTFDITVYLLQGRRLLQPEYCPDPLYEVMLKCWHPKAEMRPSFSELVSRISAIFSTFIGEHYVHVNATYVNVK,312
Q18A65,SMASQGGDSGNSKQESNSKDKEVKKIGITQLVEHPALDATRTGFVKALEKNGFKDGENIDIDFQNAQNDMPTTQSIASKFASDKKDLIFAISTPSAQAAFNATKDIPILITAVSDPVAAGLVKTLEKPGTNVSGTSDFVSVDKGLELLKIFAPKAKTIGVMYNTSEVNSKVQVDALKEYASKNGFKVVEKGITTSNEVNQGISSLVGKIDVLYVPTDNLVASSMPIVSKIATENKIPVIAAESGPVEKGALACQGINYEKLGYKTGEMAVKILNGESVSDMPVATSDDTDIIVNEDILKALGMEKPSNENISYVKTKQE,319
Q8WZ42,KELYEKYMIAEDLGRGEFGIVHRCVETSSKKTYMAKFVKVKGTDQVLVKKEISILNIARHRNILHLHESFESMEELVMIFEFISGLDIFERINTSAFELNEREIVSYVHQVCEALQFLHSHNIGHFDIRPENIIYQTRRSSTIKIIEFGQARQLKPGDNFRLLFTAPEYYAPEVHQHDVVSTATDMWSLGTLVYVLLSGINPFLAETNQQIIENIMNAEYTFDEEAFKEISIEAMDFVDRLLVKERKSRMTASEALQHPWLKQKIERVSTKVIRTLKHRRYYHTLIKKDLNMVVSAARISCGGAIRSQKGVSVAKVKVASI,321
Q02763,MKKHHHHHHGKNNPDPTIYPVLDWNDIKFQDVIGEGNFGQVLKARIKKDGLRMDAAIKRMKEYASKDDHRDFAGELEVLCKLGHHPNIINLLGACEHRGYLYLAIEYAPHGNLLDFLRKSRVLETDPAFAIANSTASTLSSQQLLHFAADVARGMDYLSQKQFIHRDLAARNILVGENYVAKIADFGLSRGQEVYVKKTMGRLPVRWMAIESLNYSVYTTNSDVWSYGVLLWEIVSLGGTPYCGMTCAELYEKLPQGYRLEKPLNCDDEVYDLMRQCWREKPYERPSFAQILVSLNRMLEERKTYVNTTLYEKFTYAGIDCSAEEAA,327
O15075,GSGFQIPATITERYKVGRTIGDGNFAVVKECVERSTAREYALKIIKKSKCRGKEHMIQNEVSILRRVKHPNIVLLIEEMDVPTELYLVMELVKGGDLFDAITSTNKYTERDASGMLYNLASAIKYLHSLNIVHRDIKPENLLVYEHQDGSKSLKLGDFGLATIVDGPLYTVCGTPTYVAPEIIAETGYGLKVDIWAAGVITYILLCGFPPFRGSGDDQEVLFDQILMGQVDFPSPYWDNVSDSAKELITMMLLVDVDQRFSAVQVLEHPWVNDDGLPENEHQLSVAGKIKKHFNTGPKPNSTAAGVSVIATTALDKERQVFRRRRNQD,328
Q8IU85,SMARENGESSSSWKKQAEDIKKIFEFKETLGTGAFSEVVLAEEKATGKLFAVKCIPKKALKGKESSIENEIAVLRKIKHENIVALEDIYESPNHLYLVMQLVSGGELFDRIVEKGFYTEKDASTLIRQVLDAVYYLHRMGIVHRDLKPENLLYYSQDEESKIMISDFGLSKMEGKGDVMSTACGTPGYVAPEVLAQKPYSKAVDCWSIGVIAYILLCGYPPFYDENDSKLFEQILKAEYEFDSPYWDDISDSAKDFIRNLMEKDPNKRYTCEQAARHPWIAGDTALNKNIHESVSAQIRKNFAKSKWRQAFNATAVVRHMRKLHLGSSLDSSNA,334
P06766,MSKRKAPQETLNGGITDMLVELANFEKNVSQAIHKYNAYRKAASVIAKYPHKIKSGAEAKKLPGVGTKIAEKIDEFLATGKLRKLEKIRQDDTSSSINFLTRVTGIGPSAARKLVDEGIKTLEDLRKNEDKLNHHQRIGLKYFEDFEKRIPREEMLQMQDIVLNEVKKLDPEYIATVCGSFRRGAESSGDMDVLLTHPNFTSESSKQPKLLHRVVEQLQKVRFITDTLSKGETKFMGVCQLPSENDENEYPHRRIDIRLIPKDQYYCGVLYFTGSDIFNKNMRAHALEKGFTINEYTIRPLGVTGVAGEPLPVDSEQDIFDYIQWRYREPKDRSE,335
P02787,VPDKTVRWCAVSEHEATKCQSFRDHMKSVIPSDGPSVACVKKASYLDCIRAIAANEADAVTLDAGLVYDAYLAPNNLKPVVAEFYGSKEDPQTFYYAVAVVKKDSGFQMNQLRGKKSCHTGLGRSAGWNIPIGLLYCDLPEPRKPLEKAVANFFSGSCAPCADGTDFPQLCQLCPGCGCSTLNQYFGYSGAFKCLKDGAGDVAFVKHSTIFENLANKADRDQYELLCLDNTRKPVDEYKDCHLAQVPSHTVVARSMGGKEDLIWELLNQAQEHFGKDKSKEFQLFSSPHGKDLLFKDSAHGFLKVPPRMDAKMYLGYEYVTAIRNLREGTCPEAPTD,337
P19726,MASMTGGQQMGTNQGKGVVAAGDKLALFLKVFGGEVLTAFARTSVTTSRHMVRSISSGKSAQFPVLGRTQAAYLAPGENLDDKRKDIKHTEKVITIDGLLTADVLIYDIEDAMNHYDVRSEYTSQLGESLAMAADGAVLAEIAGLCNVESKYNENIEGLGTATVIETTQNKAALTDQVALGKEIIAALTKARAALTKNYVPAADRVFYCDPDSYSAILAALMPNAANYAALIDPEKGSIRNVMGFEVVEVPHLTAGGAGTAREGTTGQKHVFPANKGEGNVKVAKDNVIGLFMHRSAVGTVKLRDLALERARRANFQADQIIAKYAMGHGGLRPEAAGAVVFKVE,345
Q83VS8,MKVLVNHEQAYNVIINAINDAKKLTDYKTNNQWVSIQNVILGTHLTYRYILITGLLAKATDPRVNPLALQANAPVDGAYDARSLCHSVIVGKVEGPFLEGKLGASNEPFLNKPARYMLHSSDNPVRRGNDKVLQQLSIDILHAATTQTLAYEMLVIALYFTLQRTNRVITPNSINFDFHKIIYNIISHPCDGETCAIAAAISLHLLGEQRGWIIKAHPVNQAGSSSKEILDIDVYHDDIVFLSIEVKDKPFNYQDVNHAVSKASASGISKVIFLKGPRATNLDIDESLAIENAATKGVSLSFSDVMTFTTTCYALSPLLSNDRIIDFINNTLKDIRAKDSTIEYIQSIFKN,351
Q29599,MELRHTPARDLDKFIEDHLLPNTCFRTQVKEAIDIVCRFLKERCFQGTADPVRVSKVVKGGSSGKGTTLRGRSDADLVVFLTKLTSFEDQLRRRGEFIQEIRRQLEACQREQKFKVTFEVQSPRRENPRALSFVLSSPQLQQEVEFDVLPAFDALGQWTPGYKPNPEIYVQLIKECKSRGKEGEFSTCFTELQRDFLRNRPTKLKSLIRLVKHWYQTCKKTHGNKLPPQYALELLTVYAWEQGSRKTDFSTAQGFQTVLELVLKHQKLCIFWEAYYDFTNPVVGRCMLQQLKKPRPVILDPADPTGNVGGGDTHSWQRLAQEARVWLGYPCCKNLDGSLVGAWTMLQKIGSHHHHHH,357
Q16539,MSQERPTFYRQELNKTIWEVPERYQNLSPVGSGAYGSVCAAFDTKTGLRVAVKKLSRPFQSIIHAKRTYRELRLLKHMKHENVIGLLDVFTPARSLEEFNDVYLVTHLMGADLNNIVKCQKLTDDHVQFLIYQILRGLKYIHSADIIHRDLKPSNLAVNEDCELKILDFGLARHTDDEMTGYVATRWYRAPEIMLNWMHYNQTVDIWSVGCIMAELLTGRTLFPGTDHIDQLKLILRLVGTPGAELLKKISSESARNYIQSLTQMPKMNFANVFIGANPLAVDLLEKMLVLDSDKRITAAQALAHAYFAQYHDPDDEPVADPYDQSFESRDLLIDEWKSLTYDEVISFVPPPLDQEEMES,360
Q9NR30,SFSNFPISEETIKLLKGRGVTFLFPIQAKTFHHVYSGKDLIAQARTGTGKTFSFAIPLIEKLHGELQDRKRGRAPQVLVLAPTRELANQVSKDFSDITKKLSVACFYGGTPYGGQFERMRNGIDILVGTPGRIKDHIQNGKLDLTKLKHVVLDEVDQMLDMGFADQVEEILSVAYKKDSEDNPQTLLFSATCPHWVFNVAKKYMKSTYEQVDLIKTAITVEHLAIKCHWTQRAAVIGDVIRVYSGHQGRTIIFCETKKEAQELSQNSAIKQDAQSLHGDIPQKQREITLKGFRNGSFGVLVATNVAARGLDIPEVDLVIQSSPPKDVESYIHRSGRTGRAGRTGVCICFYQHKEEYQLVQVEQKAGIKFKRI,372
P0AEX9,KIEEGKLVIWINGDKGYNGLAEVGKKFEKDTGIKVTVEHPDKLEEKFPQVAATGDGPDIIFWAHDRFGGYAQSGLLAEITPDKAFQDKLYPFTWDAVRYNGKLIAYPIAVEALSLIYNKDLLPNPPKTWEEIPALDKELKAKGKSALMFNLQEPYFTWPLIAADGGYAFKYENGKYDIKDVGVDNAGAKAGLTFLVDLIKNKHMNADTDYSIAEAAFNKGETAMTINGPWAWSNIDTSKVNYGVTVLPTFKGQPSKPFVGVLSAGINAASPNKELAKEFLENYLLTDEGLEAVNKDKPLGAVALKSYEEELAKDPRIAATMENAQKGEIMPNIPQMSAFWYAVRTAVINAASGRQTVDEALKDAQTRITKASASHHHH,378
M1GSK9,GPGGSGGMKPQIRNMVEPMDPRTFVSNFNNRPILSGLDTVWLCCEVKTKDPSGPPLDAKIFQGKVYPKAKYHPEMRFLRWFHKWRQLHHDQEYKVTWYVSWSPCTRCANSVATFLAKDPKVTLTIFVARLYYFWDPDYQQALRILAEAGATMKIMNYNEFQDCWNKFVDGRGKPFKPWNNLPKHYTLLQATLGELLRHLMDPGTFTSNFNNKPWVSGQHETYLCYKVERLHNDTWVPLNQHRGFLRNQAPNIHGFPKGRHAQLCFLDLIPFWKLDGQQYRVTCFTSWSPCFSCAQEMAKFISNNEHVSLCIFAARIYDDQGRYQEGLRTLHRDGAKIAMMNYSEFEYCWDTFVDRQGRPFQPWDGLDEHSQALSGRLRAILQNQGN,386
E1C7U0,MPQDPSTRSSPARLLIPEPRAGRARHAACVLLAVCFVVLFLSGEPLAPIIRSVCTQLAALQLGVLLKGCCCLAEEIFHLHSRHHGSLWQVLCSCFPPRWYLALLLVGGSAYLDPPEDNGHSPRLALTLSCLCQLLVLALGLQKLSAVEVSELTESSKKNVAHGLAWSYYIGYLKVVLPRLKECMEELSRTNPMLRAHRDTWKLHILVPLGCDIWDDLEKADSNIQYLADLPETILTRAGIKRRVYKHSLYVIRDKDNKLRPCVLEFASPLQTLCAMSQDDCAAFSREQRLEQARLFYRSLRDILGSSKECAGLYRLIAYEEPAEPESHFLSGLILWHLQQQQREEYMVQEELPLGTSSVELSLQVSSSDLPQPLRSDCPGIHRPDYKDDDDK,392
P12823,MRCIGISNRDFVEGVSGGSWVDIVLEHGSCVTTMAKNKPTLDFELIKTEAKQPATLRKYCIEAKLTNTTTESRCPTQGEPTLNEEQDKRFVCKHSMVDRGWGNGCGLFGKGGIVTCAMFTCKKNMEGKIVQPENLEYTVVITPHSGEEHAVGNDTGKHGKEVKITPQSSITEAELTGYGTVTMECSPRTGLDFNEMVLLQMKDKAWLVHRQWFLDLPLPWLPGADTQGSNWIQKETLVTFKNPHAKKQDVVVLGSQEGAMHTALTGATEIQMSSGNLLFTGHLKCRLRMDKLQLKGMSYSMCTGKFKVVKEIAETQHGTIVIRVQYEGDGSPCKIPFEIMDLEKRHVLGRLITVNPIVTEKDSPVNIEAEPPFGDSYIIIGVEPGQLKLNWFKK,394
P45568,MKQLTILGSTGSIGCSTLDVVRHNPEHFRVVALVAGKNVTRMVEQCLEFSPRYAVMDDEASAKLLKTMLQQQGSRTEVLSGQQAACDMAALEDVDQVMAAIVGAAGLLPTLAAIRAGKTILLANKESLVTCGRLFMDAVKQSKAQLLPVDSEHNAIFQSLPQPIQHNLGYADLEQNGVVSILLTGSGGPFRETPLRDLATMTPDQACRHPNWSMGRKISVDSATMMNKGLEYIEARWLFNASASQMEVLIHPQSVIHSMVRYQDGSVLAQLGEPDMRTPIAHTMAWPNRVNSGVKPLDFCKLSALTFAAPDYDRYPCLKLAMEAFEQGQAATTALNAANEITVAAFLAQQIRFTDIAALNLSVLEKMDMREPQCVDDVLSVDANAREVARKEVMRLAS,398
P60338,AKGEFIRTKPHVNVGTIGHVDHGKTTLTAALTFVTAAENPNVEVKDYGDIDKAPEERARGITINTAHVEYETAKRHYSHVDCPGHADYIKNMITGAAQMDGAILVVSAADGPMPQTREHILLARQVGVPYIVVFMNKVDMVDDPELLDLVEMEVRDLLNQYEFPGDEVPVIRGSALLALEQMHRNPKTRRGENEWVDKIWELLDAIDEYIPTPVRDVDKPFLMPVEDVFTITGRGTVATGRIERGKVKVGDEVEIVGLAPETRKTVVTGVEMHRKTLQEGIAGDNVGVLLRGVSREEVERGQVLAKPGSITPHTKFEASVYVLKKEEGGRHTGFFSGYRPQFYFRTTDVTGVVQLPPGVEMVMPGDNVTFTVELIKPVALEEGLRFAIREGGRTVGAGVVTKILE,405
P56817,LPRETDEEPEEPGKKGSFVEMVDNLRGKSGQGYYVEMTVGSPPQTLNILVDTGSSNFAVGAAPHPFLHRYYQRQLSSTYRDLRKGVYVPYTQGKWEGELGTDLVSIPHGPNVTVRANIAAITESDKFFINGSNWEGILGLAYAEIARPDDSLEPFFDSLVKQTHVPNLFSLQLCGAGFPLNQSEVLASVGGSMIIGGIDHSLYTGSLWYTPIRREWYYEVIIVRVEINGQDLKMDCKEYNYDKSIVDSGTTNLRLPKKVFEAAVKSIKAASSTEKFPDGFWLGEQLVCWQAGTTPWNIFPVISLYLMGEVTNQSFRITILPQQYLRPVEDVATSQDDCYKFAISQSSTGTVMGAVIMEGFYVVFDRARKRIGFAVSACHVHDEFRTAAVEGPFVTLDMEDCGYNIPQTDES,411
A0A0H3AFX3,KAFKAQAKEAQQLRERAYLDPVSHLGNRAYYMSQLSGWLSESGIGGVAILQAEFIKELYEEKGYEAGDGMVRELADRLKNSITIKDISIARISTYEFGIIMPNMDETELKIVAESIITCVDDINPDPTGMAKANLSLGVVSNKRQSSTTTLLSLLDNALAKAKSNPELNYGFISSDTDKIILGKQQWKTLVEEAIHNDWFTFRYQAANSSWGKTFHREVFSAFEKDGVRYTANQFLFALEQLNASHIFDQYVIERVIQQLEKGELTDPLAINIAQGSISQPSFIRWISQTLSKHLSVANLLHFEIPEGCFVNEPHYTALFCNAVRNAGADFGVDNYGRNFQSLDYINEFRPKYVKLDYLFTHHLDDERQKFTLTSISRTAHNLGITTIASRVETQTQLDFLSEHFIEVFQGFIVDKAA,418
P0A7D4,GNNVVVLGTQWGDEGKGKIVDLLTERAKYVVRYQGGHNAGHTLVINGEKTVLHLIPSGILRENVTSIIGNGVVLSPAALMKEMKELEDRGIPVRERLLLSEACPLILDYHVALDNAREKARGAKAIGTTGRGIGPAYEDKVARRGLRVGDLFDKETFAEKLKEVMEYHNFQLVNYYKAEAVDYQKVLDDTMAVADILTSMVVDVSDLLDQARQRGDFVMFEGAQGTLLDIDHGTYPYVTSSNTTAGGVATGSGLGPRYVDYVLGILKAYSTRVGAGPFPTELFDETGEFLCKQGNEFGATTGRRRRTGWLDTVAVRRAVQLNSLSGFCLTKLDVLDGLKEVKLCVAYRMPDGREVTTTPLAADDWKGVEPIYETMPGWSESTFGVKDRSGLPQAALNYIKRIEELTGVPIDIISTGPDRTETMILRDPFDA,431
P24182,MLDKIVIANRGEIALRILRACKELGIKTVAVHSSADRDLKHVLLADETVCIGPAPSVKSYLNIPAIISAAEITGAVAIHPGYGFLSENANFAEQVERSGFIFIGPKAETIRLMGDKVSAIAAMKKAGVPCVPGSDGPLGDDMDKNRAIAKRIGYPVIIKASGGGGGRGMRVVRGDAELAQSISMTRAEAKAAFSNDMVYMEKYLENPRHVEIQVLADGQGNAIYLAERDCSMQRRHQKVVEEAPAPGITPELRRYIGERCAKACVDIGYRGAGTFEFLFENGEFYFIEMNTRIQVEHPVTEMITGVDLIKEQLRIAAGQPLSIKQEEVHVRGHAVECRINAEDPNTFLPSPGKITRFHAPGGFGVRWESHIYAGYTVPPYYDSMIGKLICYGENRDVAIARMKNALQELIIDGIKTNVDLQIRIMNDENFQHGGTNIHYLEKKLGLQEK,449
P20789,GPGSGPNSDLDVNTDIYSKVLVTAIYLALFVVGTVGNGVTLFTLARKKSLQSLQSRVDYYLGSLALSDLLILLFALPVDLYNFIWVHHPWAFGDAGCKGYYFLREACTYATALNVVSLSVELYLAICHPFKAKTLMSRSRTKKFISAIWLASALLAIPMLFTMGLQNLSGDGTHPGGLVCTPIVDTATLRVVIQLNTFMSFLFPMLVASILNTVAARRLTVMVHQAAFNMTIEPGRVQALRRGVLVLRAVVIAFVVCWLPYHVRRLMFVYISDEQWTTALFDFYHYFYMLSNALVYVSAAINPILYNLAEDLVEDWEKARKLLEAARKGQDDEVRILLANGADVNTADETGFTPLHLAAWEGHLGIVEVLLKNGADVNANDERGHTPLHLAAYTGHLEIVEVLLKNGAGVNATDVIGTAPLHLAAMWGHLEIVEVLLKNGADVNAQDKFGKTPFDLAIDNGNEDIAEVLQKAATRELEVLFQ,482
P33284,MVRLGPKKPPARKGSMADVPANLMEQIHGLETLFTVSSEKMRSIVKHFISELDKGLSKKGGNIPMIPGWVVEYPTGKETGDFLALDLGGTNLRVVLVKLGGNHDFDTTQNKYRLPDHLRTGTSEQLWSFIAKCLKEFVDEWYPDGVSEPLPLGFTFSYPASQKKINSGVLQRWTKGFDIEGVEGHDVVPMLQEQIEKLNIPINVVALINDTTGTLVASLYTDPQTKMGIIIGTGVNGAYYDVVSGIEKLEGLLPEDIGPDSPMAINCEYGSFDNEHLVLPRTKYDVIIDEESPRPGQQAFEKMTSGYYLGEIMRLVLLDLYDSGFIFKDQDISKLKEAYVMDTSYPSKIEDDPFENLEDTDDLFKTNLNIETTVVERKLIRKLAELVGTRAARLTVCGVSAICDKRGYKTAHIAADGSVFNRYPGYKEKAAQALKDIYNWDVEKMEDHPIQLVAAEDGSGVGAAIIACLTQKRLAAGKSVGIKGE,485
O74933,MTVKSQQQIIDSFKQANQDQLFQYYDSLTIDQQQEFIDQLSTIEEPAKLISTVEQAIQFSQTNSTSRNFTQLPNEQTASTLDLSKDILQNWTELGLKAIGNGEVAVLLMAGGQGTRLGSSAPKGCFNIELPSQKSLFQIQAEKILKIEQLAQQYLKSTKKPIINWYIMTSGPTRNATESFFIENNYFGLNSHQVIFFNQGTLPCFNLQGNKILLELKNSICQSPDGNGGLYKALKDNGILDDLNSKGIKHIHMYCVDNCLVKVADPIFIGFAIAKKFDLATKVVRKRDANESVGLIVLDQDNQKPCVIEYSEISQELANKKDPQDSSKLFLRAANIVNHYYSVEFLNKMIPKWISSQKYLPFHIAKKKIPSLNLENGEFYKPTEPNGIKLEQFIFDVFPSVELNKFGCLEVDRLDEFSPLKNADGAKNDTPTTCRNHYLERSSKWVIQNGGVIDNQGLVEVDSKTSYGGEGLEFVNGKHFKNGDII,486
P43005,MGKPARKGCEWKRFLKNNWVLLSTVAAVVLGITTGVLVREHRNLSTLEKFYFAFPGEILMRMLKLIILPLIISSMITGVAALDSNVSGKIGVRAVVYYFCTTLIAVILGIVLVVSIKPGVTQKVGEIARTGSTPEVSTVDAMLDLIRNMFPENLVQACFQQYKTKREEVKPPSDPEMNMTEESFTAVMTTAISKNKTKEYKIVGMYSDGINVLGLIVFCLVFGLVIGKMGEKGQILVDFFNALSDATMKIVQIIMCYMPLGILFLIAGKIIEVEDWEIFRKLGLYMATVLTGLAIHSIVILPLIYFIVVRKNPFRFAMGMAQALLTALMISSSSATLPVTFRCAEENNQVDKRITRFVLPVGATINMDGTALYEAVAAVFIAQLNDLDLGIGQIITISITATSASIGAAGVPQAGLVTMVIVLSAVGLPAEDVTLIIAVDWLLDRFRTMVNVLGDAFGTGIVEKLSKKELEQMDVSSEVNAENLYFQ,487
Q16658,AGHMTANGTAEAVQIQFGLINCGNKYLTAEAFGFKVNASASSLKKKQIWTLEQPPDEAGSAAVCLRSHLGRYLAADKDGNVTCEREVPGPDCRFLIVAHDDGRWSLQSEAHRRYFGGTEDRLSCFAQTVSPAEKWSVHIAMHPQVNIYSVTRKRYAHLSARPADEIAVDRDVPWGVDSLITLAFQDQRYSVQTADHRFLRHDGRLVARPEPATGYTLEFRSGKVAFRDCEGRYLAPSGPSGTLKAGKATKVGKDELFALEQSCAQVVLQAANERNVSTRQGMDLSANQDEETDQETFQLEIDRDTKKCAFRTHTGKYWTLTATGGVQSTASSKNASCYFDIEWRDRRITLRASNGKFVTSKKNGQLAASVETAGDSELFLMKLINRPIIVFRGEHGFIGCRKVTGTLDANRSSYDVFQLEFNDGAYNIKDSTGKYWTVGSDSAVTSSGDTPVDFFFEFCDYNKVAIKVGGRYLKGDHAGVLKASAETVDPASLWEY,496
B0F0C5,KPAPSTIFSPEKALGLLLSLKLSKWQYITLRETTIREGSKEIYPSYYKVQKAKLQCYPPKAFVAVTDSSAKIALQALLDLTVNRIFETIRSPDAIQNKQLILISKWGFDGASNQSRYKQNIESGQGDSSIFMTSLVPLKLTADGDTVWVNPKPCSPMYCRPVQFSFVKETKDVVINEKTAMDDEIEALVPSKCQGHEISHKLMMTMIDGKICTYLSEAKSNAACYLCLAKPTEMSKLDVIASKTISSGVYEFGLSTLHARINVMECLLHIAYRLDFKKWSARGEGHQELLHSRKKLIQDRFKDDLNLLIDIVKQGSGTTNDGNTARRFFEFPDKTAAITGLDEDLIRRFSVILQAITSGEIIDVPKFKEYARTTAEKYVELYDWYYMSSTVHKLLIHGGDIIAENAIVPIGSLSEEASEARNKDFRRFREHHSRKKSRQASNEDILNMLIISSDPLISFTRPKLDAHKRQTYFKETVELLQLQDQEAPTEFHHHHHH,497
Q27686,MSQLAHNLTLSIFDPVANYRAARIICTIGPSTQSVEALKGLIQSGMSVARMNFSHGSHEYHQTTINNVRQAAAELGVNIAIALDTKGPEIRTGQFVGGDAVMERGATCYVTTDPAFADKGTKDKFYIDYQNLSKVVRPGNYIYIDDGILILQVQSHEDEQTLECTVTNSHTISDRRGVNLPGCDVDLPAVSAKDRVDLQFGVEQGVDMIFASFIRSAEQVGDVRKALGPKGRDIMIICKIENHQGVQNIDSIIEESDGIMVARGDLGVEIPAEKVVVAQKILISKCNVAGKPVICATQMLESMTYNPRPTRAEVSDVANAVFNGADCVMLSGETAKGKYPNEVVQYMARICLEAQSALNEYVFFNSIKKLQHIPMSADEAVCSSAVNSVYETKAKAMVVLSNTGRSARLVAKYRPNCPIVCVTTRLQTCRQLNITQGVESVFFDADKLGHDEGKEHRVAAGVEFAKSKGYVQTGDYCVVIHADHKVKGYANQTRILLVE,499
P0AG16,CGIVGIAGVMPVNQSIYDALTVLQHRGQDAAGIITIDANNCFRLRKANGLVSDVFEARHMQRLQGNMGIGHVRYPTAGSSSASEAQPFYVNSPYGITLAHNGNLTNAHELRKKLFEEKRRHINTTSDSEILLNIFASELDNFRHYPLEADNIFAAIAATNRLIRGAYACVAMIIGHGMVAFRDPNGIRPLVLGKRDIDENRTEYMVASESVALDTLGFDFLRDVAPGEAIYITEEGQLFTRQCADNPVSNPCLFEYVYFARPDSFIDKISVYSARVNMGTKLGEKIAREWEDLDIDVVIPIPETSCDIALEIARILGKPYRQGFVKNRYVGRTFIMPGQQLRRKSVRRKLNANRAEFRDKNVLLVDDSIVRGTTSEQIIEMAREAGAKKVYLASAAPEIRFPNVYGIDMPSATELIAHGREVDEIRQIIGADGLIFQDLNDLIDAVRAENPDIQQFECSVFNGVYVTKDVDQGYLDFLDTLRNDDAKAVQRQNEVENLEMHNEG,504
P23847,KTLVYCSEGSPEGFNPQLFISGTTYDASSVPLYNRLVEFKIGTTEVIPGLAEKWEVSEDGKTYTFHLRKGVKWHDNKEFKPTRELNADDVVFSFDRQKNAQNPYHKVSGGSYEYFEGMGLPELISEVKKVDDNTVQFVLTRPEAPFLADLAMDFASILSKEYADAMMKAGTPEKLDLNPIGTGPFQLQQYQKDSRIRYKAFDGYWGTKPQIDTLVFSITPDASVRYAKLQKNECQVMPYPNPADIARMKQDKSINLMEMPGLNVGYLSYNVQKKPLDDVKVRQALTYAVNKDAIIKAVYQGAGVSAKNLIPPTMWGYNDDVQDYTYDPEKAKALLKEAGLEKGFSIDLWAMPVQRPYNPNARRMAEMIQADWAKVGVQAKIVTYEWGEYLKRAKDGEHQTVMMGWTGDNGDPDNFFATEFSCAASEQGSNYSKWCYKPFEDLIQPARATDDHNKRVELYKQAQVVMHDQAPALIIAHSTVFEPVRKEVKGYVVDPLGKHHFENVSIE,507
P60752,GSHNDKDLSTWQTFRRLWPTIAPFKAGLIVAGVALILNAASDTFMLSLLKPLLDDGFGKTDRSVLVWMPLVVIGLMILRGITSYVSSYCISWVSGKVVMTMRRRLFGHMMGMPVSFFDKQSTGTLLSRITYDSEQVASSSSGALITVVREGASIIGLFIMMFYYSWQLSIILIVLAPIVSIAIRVVSKRFRNISKNMQNTMGQVTTSAEQMLKGHKEVLIFGGQEVETKRFDKVSNRMRLQGMKMVSASSISDPIIQLIASLALAFVLYAASFPSVMDSLTAGTITVVFSSMIALMRPLKSLTNVNAQFQRGMAACQTLFTILDSEQEKDEGKRVIERATGDVEFRNVTFTYPGRDVPALRNINLKIPAGKTVALVGRSGSGKSTIASLITRFYDIDEGEILMDGHDLREYTLASLRNQVALVSQNVHLFNDTVANNIAYARTEQYSREQIEEAARMAYAMDFINKMDNGLDTVIGENGVLLSGGQRQRIAIARALLRDSPILILDEATSALDTESERAIQAALDELQKNRTSLVIAHRLSTIEKADEIVVVEDGVIVERGTHNDLLEHRGVYAQLHKMQFGQ,583
A2RJ53,MGSNQSSSTSTKKLKAGNFDVAYQNPDKAIKGGNLKVAYQSDSPMKAQWLSGLSNDATFATMSGPGGGQDGLFFTDSGFKFIKGGAADVALDKESKTATITLRKDLKWSDGSEVTAKDYEFTYETIANPAYGSDRWTDSLANIVGLSDYHTGKAKTISGITFPDGENGKVIKVQFKEMKPGMTQSGNGYFLETVAPYQYLKDVAPKDLASSPKTTTKPLVTGPFKPENVVAGESIKYVPNPYYWGEKPKLNSITYEVVSTAKSVAALSSSKYDIINGMVSSQYKQVKNLKGYKVLGQQAMYISLMYYNLGHYDAKNSINVQDRKTPLQDQNVRQAIGYARNVAEVDNKFSNGLSTPANSLIPPIFKQFTSSSVKGYEKQDLDKANKLLDEDGWKLNKSTGYREKDGKELSLVYAARVGDANAETIAQNYIQQWKKIGVKVSLYNGKLMEFNSWVDHMTTPPGANDWDITDGSWSLASEPSQQDLFSAAAPYNFGHFNDSEITKDLNDIDSAKSENPTYRKAAFVKYQEDMNKKAYVIPTNFMLNYTPVNKRVVGMTLDYGAMNTWSEIGVSSAKLATKGSIEGRHHHHHH,590
Q02153,MYGFVNHALELLVIRNYGPEVWEDIKKEAQLDEEGQFLVRIIYDDSKTYDLVAAASKVLNLNAGEILQMFGKMFFVFCQESGYDTILRVLGSNVREFLQNLDALHDHLATIYPGMRAPSFRCTDAEKGKGLILHYYSEREGLQDIVIGIIKTVAQQIHGTEIDMKVIQQRNEECDHTQFLIEEKESKEEDFYEDLDRFEENGTQESRISPYTFCKAFPFHIIFDRDLVVTQCGNAIYRVLPQLQPGNCSLLSVFSLVRPHIDISFHGILSHINTVFVLRSKEGLLDVEKLECEDELTGTEISCLRLKGQMIYLPEADSILFLCSPSVMNLDDLTRRGLYLSDIPLHDATRDLVLLGEQFREEYKLTQELEILTDRLQLTLRALEDEKKKTDTLLYSVLPPSVANELRHKRPVPAKRYDNVTILFSGIVGFNAFCSKHASGEGAMKIVNLLNDLYTRFDTLTDSRKNPFVYKVETVGDKYMTVSGLPEPCIHHARSICHLALDMMEIAGQVQVDGESVQITIGIHTGEVVTGVIGQRMPRYCLFGNTVNLTSRTETTGEKGKINVSEYTYRCLMSPENSDPQFHLEHRGPVSMKGKKEPMQVWFLSRKNTGTEETKQDDD,619
A0A075Q0W3,GHMTQAVEAGEKTVEQFVQALNKGDYNKAAEMTSKKAANKSALSEKEILDKYQNIYGAADVKGLQISNLKVDKKDDSTYSFSYKAKMNTSLGELKDLSYKGTLDRNDGQTTINWQPNLVFPEMEGNDKVSLTTQEAARGNIIDRNGEPLATTGKLKQLGVVPSKLGDGGEKTANIKAIASSFDLTEDAINQAISQSWVQPDYFVPLKIIDGATPELPAGATIQEVDGRYYPLGEAAAQLIGYVGDITAEDIDKNPELSSNGKIGRSGLEMAFDKDLRGTTGGKLSITDADGVEKKVLIEHEVQNGKDIKLTIDAKAQKTAFDSLGGKAGSTVATTPKTGDLLALASSPSYDPNKMTNGISQEDYKAYEENPEQPFISRFATGYAPGSTFKMITAAIGLDNGTIDPNEVLTINGLKWQKDSSWGSYQVTRVSDVSQVDLKTALIYSDNIYTAQETLKMGEKKFRTGLDKFIFGEDLDLPISMNPAQISNEDSFNSDILLADTGYGQGELLINPIQQAAMYSVFANNGTLVYPKLIADKETKDKKNVIGETAVQTIVPDLREVVQDVNGTAHSLSALGIPLAAKTGTAEIKEKQDVKGKENSFLFAFNPDNQGYMMVSMLENKEDDDSATKRASELLQYLNQNYQ,643
P03960,MSRKQLALFEPTLVVQALKEAVKKLNPQAQWRNPVMFIVWIGSLLTTCISIAMASGAMPGNALFSAAISGWLWITVLFANFAEALAEGRSKAQANSLKGVKKTAFARKLREPKYGAAADKVPADQLRKGDIVLVEAGDIIPCDGEVIEGGASVDESAITGEAAPVIRESGGDFASVTGGTRILSDWLVIECSVNPGETFLDRMIAMVEGAQRRKTPNEIALTILLIALTIVFLLATATLWPFSAWGGNAVSVTVLVALLVCLIPTTIGGLLSAIGVAGMSRMLGANVIATSGRAVEAAGDVDVLLLDKTGTITLGNRQASEFIPAQGVDEKTLADAAQLASLADETPEGRSIVILAKQRFNLRERDVQSLHATFVPFTAQSRMSGINIDNRMIRKGSVDAIRRHVEANGGHFPTDVDQKVDQVARQGATPLVVVEGSRVLGVIALKDIVKGGIKERFAQLRKMGIKTVMITGDNRLTAAAIAAEAGVDDFLAEATPEAKLALIRQYQAEGRLVAMTGDGTNDAPALAQADVAVAMNSGTQAAKEAGNMVDLDSNPTKLIEVVHIGKQMLMTRGSLTTFSIANDVAKYFAIIPAAFAATYPQLNALNIMCLHSPDSAILSAVIFNALIIVFLIPLALKGVSYKPLTASAMLRRNLWIYGLGGLLVPFIGIKVIDLLLTVCGLV,682
P28366,GPHMLGILNKMFDPTKRTLNRYEKIANDIDAIRGDYENLSDDALKHKTIEFKERLEKGATTDDLLVEAFAVVREASRRVTGMFPFKVQLMGGVALHDGNIAEMKTGEGKTLTSTLPVYLNALTGKGVHVVTVNEYLASRDAEQMGKIFEFLGLTVGLNLNSMSKDEKREAYAADITYSTNNELGFDYLRDNMVLYKEQMVQRPLHFAVIDEVDSILIDEARTPLIISGQAAKSTKLYVQANAFVRTLKAEKDYTYDIKTKAVQLTEEGMTKAEKAFGIDNLFDVKHVALNHHINQALKAHVAMQKDVDYVVEDGQVVIVDSFTGRLMKGRRYSEGLHQAIEAKEGLEIQNESMTLATITFQNYFRMYEKLAGMTGTAKTEEEEFRNIYNMQVVTIPTNRPVVRDDRPDLIYRTMEGKFKAVAEDVAQRYMTGQPVLVGTVAVETSELISKLLKNKGIPHQVLNAKNHEREAQIIEEAGQKGAVTIATNMAGRGTDIKLGEGVKELGGLAVVGTERHESRRIDNQLRGRSGRQGDPGITQFYLSMEDELMRRFGAERTMAMLDRFGMDDSTPIQSKMVSRAVESSQKRVEGNNFDSRKQLLQYDDVLRQQREVIYKQRFEVIDSENLREIVENMIKSSLERAIAAYTPREELPEEWKLDGLVDLINTTYLDEGALEKSDIFGKEPDEMLELIMDRIITKYNEKEEQFGKEQMREFEKVIVLRAVDSKWMDHIDAMDQLRQGIHLRAYAQTNPLREYQMEGFAMFEHMIESIEDEVAKFVMKAEIENNLEREEVVQGQTTAHQPQEGDDNKKAKKAPVRKVVDIGRNAPCHCGSGKKYKNCCGRTE,844
P98194,MGGVAMPGAEDDVVRENLYFQGKDGLAAMKVARFQKIPNGENETMIPVLTSKKASELPVSEVASILQADLQNGLNKCEVSHRRAFHGWNEFDISEDEPLWKKYISQFKNPLIMLLLASAVISVLMHQFDDAVSITVAILIVVTVAFVQEYRSEKSLEELSKLVPPECHCVREGKLEHTLARDLVPGDTVCLSVGDRVPADLRLFEAVDLSIDESSLTGETTPCSKVTAPQPAATNGDLASRSNIAFMGTLVRCGKAKGVVIGTGENSEFGEVFKMMQAEEAPKTPLQKSMDLLGKQLSFYSFGIIGIIMLVGWLLGKDILEMFTISVSLAVAAIPEGLPIVVTVTLALGVMRMVKKRAIVKKLPIVETLGCCNVICSDKTGTLTKNEMTVTHIFTSDGLHAEVTGVGYNQFGEVIVDGDVVHGFYNPAVSRIVEAGCVCNDAVIRNNTLMGKPTEGALIALAMKMGLDGLQQDYIRKAEYPFSSEQKWMAVKCVHRTQQDRPEICFMKGAYEQVIKYCTTYQSKGQTLTLTQQQRDVYQQEKARMGSAGLRVLALASGPELGQLTFLGLVGIIDPPRTGVKEAVTTLIASGVSIKMITGDSQETAVAIASRLGLYSKTSQSVSGEEIDAMDVQQLSQIVPKVAVFYRASPRHKMKIIKSLQKNGSVVAMTGDGVNDAVALKAADIGVAMGQTGTDVCKEAADMILVDDDFQTIMSAIEEGKGIYNNIKNFVRFQLSTSIAALTLISLATLMNFPNPLNAMQILWINIIMDGPPAQSLGVEPVDKDVIRKPPRNWKDSILTKNLILKILVSSIIIVCGTLFVFWRELRDNVITPRDTTMTFTCFVFFDMFNALSSRSQTKSVFEIGLCSNRMFCYAVLGSIMGQLLVIYFPPLQKVFQTESLSILDLLFLLGLTSSVCIVAEIIKKVERSREKIQKHVSSTSSSFLEV,947
P54708,GMDLDDHRLSNTELEQKYGTNIIQGLSSVRATELLARDGPNTLTPPKQTPEIIKFLKQMVGGFSILLWIGAALCWIAFVIQYVNNSASLDNVYLGAILVLVVILTGIFAYYQEAKSTNIMASFSKMIPQQALVIRDAEKKVISAEQLVVGDVVEIKGGDQIPADIRLVFSQGCKVDNSSLTGESEPQARSTEFTHENPLETKNIGFYSTTCLEGTATGIVINTGDRTIIGRIASLASGVGSEKTPIAIEIEHFVHIVAGVAVSIGIIFFITAVCMKYYVLDAIIFLISIIVANVPEGLLATVTVTLSLTAKRMAKKNCLVKNLEAVETLGSTSIICSDKTGTLTQNRMTVAHLWFDNQIFVADTSENQTKQAFDQSSGTWASLSKIITLCNRAEFRPGQESVPIMKRTVVGDASETALLKFSEVILGDVMGIRKRNHKVAEIPFNSTNKFQLSIHETEDPNNKRFLVVMKGAPERILEKCSTIMINGQEQPLDKSSADSFHTAYMELGGLGERVLGFCHLYLPAEQFPQSYIFDVDSVNFPTSNFCFVGLLSMIDPPRSTVPDAVSKCRSAGIKVIMVTGDHPITAKAIAKSVGIISANNETVEDIAKRRNIAVEQVNKREAKAAVVTGMELKDMTPEQLDELLTNYQEIVFARTSPQQKLIIVEGCQRQDAIVAVTGDGVNDSPALKKADIGIAMGIAGSDAAKNAADMVLLDDNFASIVTGVEEGRLIFDNLKKTIAYTLTKNIAELCPFLIYIVAGLPLPIGTITILFIDLGTDIIPSIALAYEKAESDIMNRKPRHKKKDRLVNTQLAIYSYLHIGLMQALGGFLVYFTVYAQQGFWPTSLINLRVAWETDDINDLEDSYGQEWTRYQRKYLEWTGSTAFFVAIMIQQIADLIIRKTRRNSIFQQGLFRNKVIWVGIASQVIVALILSYGLGSVPALSFTMLRVQYWFVAVPHAILIWVYDEMRKLFIRLYPGSWWDKNMYY,986
