test_case,exp_rg,sequence,length
Hst5,1.38,DSHAKRHHGYKRKFHEKHHSHRGY,24
FCP1,1.56,ESSRESSNEDEGSSSEADEMAKALEAELNDLM,32
Nup49,1.6,GCQTSRGLFGNNNTNNINNSSSGMNNASAGLFGSKPCA,38
NLS,2.4,ACETNKRKREQISTDNEAKMQIQEEKSPKKKRKKRSSKANKPPECA,46
Hst52,1.87,DSHAKRHHGYKRKFHEKHHSHRGYDSHAKRHHGYKRKFHEKHHSHRGY,48
TRF2_BR,1.7,GPPGSMAGGGGSSDGSGRAAGRRASRSSGRARRGRHEPGLGGPAERGAG,49
HMPVP_NTD,2.74,MSFPEGKDILFMGNEAAKLAEAFQKSLRKPSHKRSQSIIGEKVNTVSETLELPTISRPTKP,61
MenVL,2.6,TTIKIMDPGVGDGATAAKSKRLFKEAPVVVSGPVIGDNPIVDADTIQLDELARPSLPKTKSQ,62
p532070,2.39,GPGSDLWKLLPENNVLSPLPSQAMDDLMLSPDDIEQWFTEDPGPDEAPRMPEAALEHHHHHH,62
NWASPV,2.43,GAMGTAGNKAALLDQIREGAQLKKVEQNSRPVSCSGRDALLDQIRQGIQLKSVADGQESTPPTPAPT,67
IB5,2.7,SPPGKPQGPPQQEGNKPQGPPPPGKPQGPPPAGGNPQQPQAPPAGKPQGPPPPPQGGRPPRPAQGQQPPQ,70
ACTR,2.63,GTQNRPLLRNSLDDLVGPPSNLEGQSDERALLDQLHTLLSNTDATGLEEIDRALGIPELVNQGQALEPKQD,71
RpII215_CTD2,2.8,YSPGNAYSPSSSNYSPNSPSYSPTSPSYSPSSPSYSPTSPCYSPTSPSYSPTSPNYTPVTPSYSPTSPNYSASPQ,75
HeV_PNT3_CTD,2.75,MSYYHHHHHHLESTSLYKKAGFTPTEEPPVIPEYYYGSGRRGDLSKSPPRGNVNLDSIKIYTSDDEDENQLEYEDEF,77
HeV_PNT3_CTD_3Y3A,2.73,MSYYHHHHHHLESTSLYKKAGFTPTEEPPVIPEAAAGSGRRGDLSKSPPRGNVNLDSIKIYTSDDEDENQLEYEDEF,77
Nup153_82,2.4,GCPSASPAFGANQTPTFGQSQGASQPNPPGFSISSSTALFPTGSQPAPPTFGTVSSSSQPPVFGQQPSQSAFGSTTPNA,79
redsfAFPH32W,2.32,CKGADGAHGVNGCPGTAGAAGSVGGPGCDGGWGGNGGNGNPGCAGGVGGAGGASGGTGVGGRGGKGGSGTPKGADGAPGAP,81
Ash1,2.9,SASSSPSPSTPTKSGKMRSRSSSPVRPKAYTPSPRSPNYHRFALDSPPQSPRRSSNSSITKKGSRRSSGSSPTRHTTRVCV,81
NUS,2.5,GCPSASPAFGANQTPTFGQSQGASQPNPPGFGSISSSTALFPTGSQPAPPTFGTVSSSSQPPVFGQQPSQSAFGSGTTPNCA,82
CTD2,2.614,FAGSGSNIYSPGNAYSPSSSNYSPNSPSYSPTSPSYSPSSPSYSPTSPCYSPTSPSYSPTSPNYTPVTPSYSPTSPNYSASPQ,83
CP12ox,2.82,SGHIEGRHMSGQPAVDLNKKVQDAVKEAEDACAKGTSADCAVAWDTVEELSAAVSHKKDAVKADVTLTDPLEAFCKDAPDADECRVYED,89
SMAD_linker,2.99,GPLPPVLVPRHTEILTELPPLDDYTHSIPENTNFPAGIEPQSNYIPETPPPGYISEDGETSDQQLNQSMDTGSPAELSPTTLSPVNHSLD,90
Sic1,2.8,GSMTPSTPPRSRGTRYLAQPSGNTSSSALMQGQKTPQKPSQNLVPVTPSTTKSFKNAPLLAPPNSNMGMTSPFNGLTSPQRSPFPKSSVKRT,92
SH4UD,2.71,MGSNKSKPKDASQRRRSLEPAENVHGAGGGAFPASQTPSKPASADGHRGPSAAFAPAAAEPKLFGGFNSSDTVTSPQRAGPLAGGSAWSHPQFEK,95
ColNT,2.8,MGSNGADNAHNNAFGGGKNPGIGNTSGAGSNGSASSNRGNSNGWSWSNKPHKNDGFHSDGSYHITFHGDNNSKPKPGGNSGNRGNNGDGASSHHHHHH,98
Bmal1_CTD_P624A,2.8,GPDASSPGGKKILNGGTPDIPSTGLLPGQAQETPGYPYSDSSSILGENPHIGIDMIDNDQGSSSPSNDEAAMAVIMSLLEADAGLGGPVDFSDLPWAL,98
GRB14_PIR,2.6,YGMQLYQNYMHPYQGRSGCSSQSISPMRSISENSLVAMDFSGQKSRVIENPTEALSVAVEEGLAWRKKGCLRLGTHGSPTASSQSSATNMAIHRSQPW,98
IBB,3.2,GCTNENANTPAARLHRFKNKGKDSTEMRRRRIEVNVELRKAKKDDQMLKRRNVSSFPDDATSPLQENRNNQGTVNWSVDDIVKGINSSNVENQLQATCA,99
MV_PNTD,2.9,MAEEQARHVKNGLECIRALKAEPIGSLAIEEAMAAWSEISDNPGQERATCREEKAGSSGLSKPCLSAIGSTEGGAPRIRGQGPGESDDDAETLGIPPRNL,100
PAGE4_WT,3.6,MSARVRSRSRGRGDGQEAPDVVAFVAPGESQQEEPPTDNQDIEPGQEREGTPPIEERKVEGDCQEMDLEKTRSERGDGSDVKEKTPPNPKHAKTKEAGDGQP,102
Fez1,3.6,QIQEEEETLQDEEVWDALTDNYIPSLSEDWRDPNIEALNGNCSDTEIHEKEEEEFNEKSENDSGINEEPLLTADQVIEEIEEMMQNSPDPEEEEEVLEEEDGG,103
UL11,2.4,MGLSFSGTRPCCCRNNVLITDDGEVVSLTAHDFDVVDIESEEEGNFYVPPDMRGVTRAPGRQRLRSSDPPSRHTHRRTPGGACPATQFPPPMSDSEWSHPQFEK,104
lambdaN,3.8,MDAQTRRRERRAEKQAQWKAANPLLVGVSAKPVNRPILSLNRKPKSRVESALNPIDLTVLAEYHKQIESNLQRIERKNQRTWYSKPGERGITCSGRQKIKGKSIPLI,107
p15PAF,2.81,MVRTKADSVPGTYRKVVAARAPRKVLGSSTSATNSTSVSSRKAENKYAGGNPVCVRPTPKWQKGIGEFFRLSPKDSEKENQIPEEAGSSGLGKAKRKACPLQPDHTNDEKE,111
HAdV5E1A,3.6,GSMSHFEPPTLHELYDLDVTAPEDPNEEAVSQIFPDSVMLAVQEGIDLLTFPPAPGSPEPPHLSRQPEQPEQRALGPVSMPNLVPEVIDLYCYEQLNPPSDDEDEEGEEFVLDY,114
NUL,3.0,GCGFKGFDTSSSSSNSAASSSFKFGVSSSSSGPSQTLTSTGNFKFGDQGGFKIGVSSDSGSINPMSEGFKFSKPIGDFKFGVSSESKPEEVKKDSKNDNFKFGLSSGLSNPVCA,114
GON7_NTD,3.1,MGHHHHHHENLYFQGELLGEYVGQEGKPQKLRVSCEAPGDGDPFQGLLSGVAQMKDMVTELFDPLVQGEVQHRVAAAPDEDLDGDDEDDAEDENNIDNRTNFDGPSAKRPKTPS,114
hNL3cyt,3.3,YRKDKRRQEPLRQPSPQRGAGAPELGAAPEEELAALQLGPTHHECEAGPPHDTLRLTALPDYTLTLRRSPDDIPLMTPNTITMIPNSLVGLQTLHPYNTFAAGFNSTGLPHSHSTTRV,118
KISS1,3.47,GEPLEKVASVGNSRPTGQQLESLGLLAPGEQSLPCTERKPAATARLSRRGTSLSPPPESSGSPQQPGLSAPHSRQIPAPQGAVLVQREKDLPNYNWNSFGLRFGKREAAPGNHGRSAGRG,120
ERM,3.96,MDGFYDQQVPFMVPGKSRSEECRGRPVIDRKRKFLDTDLAHDSEELFQDLSQLQEAWLAEAQVPDDEQFVPDFQSDNLVLHAPPPTKIKRELHSPSSELSSCSHEQALGANYGEKCLYNYCA,122
RNaseA,3.36,KETAAAKFERQHMDSSTSAASSSNYCNQMMKSRNLTKDRCKPVNTFVHESLADVQAVCSQKNVACKNGQTNCYQSYSTMSITDCRETGSSKYPNCAYKTTQANKHIIVACEGNPYVPVHFDASV,124
MV_NTail,2.7,TTEDKISRAVGPRQAQVSFLHGDQSENELPRLGGKEDRRVKQSRGEARESYRETGPSRASDARAAHLPTGTPLDIDTASESSQDPQDSRRSADALLRLQAMAGISEEQGSDTDTPIVYNDRNLLD,125
hNHE1cdt,3.7,VPAHKLDSPTMSRARIGSDPLAYEPKEDLPVITIDPASPQSPESVDLVNEELKGKVLGLSRDPAKVAEEDEDDDGGIMMRSKETSSPGTDDVFTPAPSDSPSSQRIQRCLSDPGPHPEPGEGEPFFPKGQ,130
HeV_PNT3_WT,3.67,MSYYHHHHHHLESTSLYKKAGSTPTEEPPVIPEYYYGSGRRGDLSKSPPRGNVNLDSIKIYTSDDEDENQLEYEDEFAKSSSEVVIDTTPEDNDSINQEEVVGDPSDQGLEHPFPLGKFPEKEETPDVRRKDS,133
HeV_PNT3_3Y3A,3.95,MSYYHHHHHHLESTSLYKKAGFTPTEEPPVIPEAAAGSGRRGDLSKSPPRGNVNLDSIKIYTSDDEDENQLEYEDEFAKSSSEVVIDTTPEDNDSINQEEVVGDPSDQGLEHPFPLGKFPEKEETPDVRRKDS,133
P7KP12Db,2.56,GSMASAKSSQRDRDDDGNFGKGRGGGFGGNKNFGRGGNFSKRGGFGGSRGKGKYGGKGDDYNGFGNDGDNFGGGGSYNDFGNYNNQSSNFDPMDGGNFDDRSSGPYDDGGQYFADPRNQGGYGGSSSSKSYGSKRRF,137
M8FP4Y,2.71,GSMASASSSQRGRSGSGNFGGGRGGGYGGNDNGGRGGNYSGRGGFGGSRGGGGYGGSGDGYNGGGNDGSNYGGGGSYNDSGNYNNQSSNFGPMKGGNYGGRSSGGSGGGGQYGAKPRNQGGYGGSSSSSSYGSGRRF,137
NiV_PNT3_WT,3.74,MSYYHHHHHHLESTSLYKKAGFDPAKDSPVIAEHYYGLGVKEQNVGPQTSRNVNLDSIKLYTSDDEEADQLEFEDEFAGSSSEVIVGISPEDEEPSSVGGKPNESIGRTIEGQSIRDNLQAKDNKSTDVPGAGPKDS,137
P2R,2.62,GSMASASSSQRGRSGSGNFGGGRGGGFGGNDNFGRGGNFSGRGGFGGSRGGGGYGGSGDGYNGFRNDGSNFGGGGRYNDFGNYNNQSSNFGPMKGGNFGGRSSGPYGGGGQYFAKPRNQGGYGGSSSSSSYGSGRRF,137
P7R,2.71,GSMASASSSQRGRSGRGNFGGGRGGGFGGNDNFGRGGNFSGRGGFGGSRGGGRYGGSGDRYNGFGNDGRNFGGGGSYNDFGNYNNQSSNFGPMKGGNFRGRSSGPYGRGGQYFAKPRNQGGYGGSSSSRSYGSGRRF,137
M3RP3K,2.63,GSMASASSSQRGKSGSGNFGGGRGGGFGGNDNFGRGGNFSGRGGFGGSKGGGGYGGSGDGYNGFGNDGSNFGGGGSYNDFGNYNNQSSNFGPMKGGNFGGRSSGGSGGGGQYFAKPRNQGGYGGSSSSSSYGSGRKF,137
M6R,2.57,GSMASASSSQGGRSGSGNFGGGRGGGFGGNDNFGGGGNFSGSGGFGGSRGGGGYGGSGDGYNGFGNDGSNFGGGGSYNDFGNYNNQSSNFGPMKGGNFGGSSSGPYGGGGQYFAKPGNQGGYGGSSSSSSYGSGGRF,137
M10R,2.67,GSMASASSSQGGSSGSGNFGGGGGGGFGGNDNFGGGGNFSGSGGFGGSGGGGGYGGSGDGYNGFGNDGSNFGGGGSYNDFGNYNNQSSNFGPMKGGNFGGSSSGPYGGGGQYFAKPGNQGGYGGSSSSSSYGSGGGF,137
M9FP3Y,2.68,GSMASASSSQRGRSGSGNFGGGRGGGYGGNDNGGRGGNYSGRGGFGGSRGGGGYGGSGDGYNGGGNDGSNYGGGGSYNDSGNGNNQSSNFGPMKGGNYGGRSSGGSGGGGQYGAKPRNQGGYGGSSSSSSYGSGRRS,137
P12D,2.8,GSMASADSSQRDRDDSGNFGDGRGGGFGGNDNFGRGGNFSDRGGFGGSRGDGGYGGDGDGYNGFGNDGSNFGGGGSYNDFGNYNNQSSNFDPMKGGNFGDRSSGPYDGGGQYFAKPRNQGGYGGSSSSSSYGSDRRF,137
P12E,2.85,GSMASAESSQREREESGNFGEGRGGGFGGNDNFGRGGNFSERGGFGGSRGEGGYGGEGDGYNGFGNDGSNFGGGGSYNDFGNYNNQSSNFEPMKGGNFGERSSGPYEGGGQYFAKPRNQGGYGGSSSSSSYGSERRF,137
M12FP12YM10R,2.61,GSMASASSSQGGSSGSGNYGGGGGGGYGGNDNYGGGGNYSGSGGYGGSGGGGGYGGSGDGYNGYGNDGSNYGGGGSYNDYGNYNNQSSNYGPMKGGNYGGSSSGPYGGGGQYYAKPGNQGGYGGSSSSSSYGSGGGY,137
M10FP7RP12D,2.86,GSMASADSSQRDRDDRGNFGDGRGGGGGGNDNFGRGGNGSDRGGGGGSRGDGRYGGDGDRYNGGGNDGRNGGGGGSYNDGGNYNNQSSNGDPMKGGNGRDRSSGPYDRGGQYGAKPRNQGGYGGSSSSRSYGSDRRG,137
P7KP12D,2.92,GSMASADSSQRDRDDKGNFGDGRGGGFGGNDNFGRGGNFSDRGGFGGSRGDGKYGGDGDKYNGFGNDGKNFGGGGSYNDFGNYNNQSSNFDPMKGGNFKDRSSGPYDKGGQYFAKPRNQGGYGGSSSSKSYGSDRRF,137
P8D,2.69,GSMASASSSQRDRSGSGNFGGGRDGGFGGNDNFGRGDNFSGRGDFGGSRDGGGYGGSGDGYNGFGNDGSNFGGGGSYNDFGNYNNQSSNFGPMKGGNFGGRSSDPYGGGGQYFAKPRNQDGYGGSSSSSSYDSGRRF,137
M6RP6K,2.79,GSMASASSSQKGKSGSGNFGGGRGGGFGGNDNFGKGGNFSGRGGFGGSKGGGGYGGSGDGYNGFGNDGSNFGGGGSYNDFGNYNNQSSNFGPMKGGNFGGKSSGGSGGGGQYFAKPRNQGGYGGSSSSSSYGSGRKF,137
P4D,2.72,GSMASASSSQRDRSGSGNFGGGRGGGFGGNDNFGRGGNFSGRGDFGGSRGGGGYGGSGDGYNGFGNDGSNFGGGGSYNDFGNYNNQSSNFGPMKGGNFGGRSSDPYGGGGQYFAKPRNQGGYGGSSSSSSYDSGRRF,137
M4D,2.64,GSMASASSSQRGRSGSGNFGGGRGGGFGGNGNFGRGGNFSGRGGFGGSRGGGGYGGSGGGYNGFGNSGSNFGGGGSYNGFGNYNNQSSNFGPMKGGNFGGRSSGPYGGGGQYFAKPRNQGGYGGSSSSSSYGSGRRF,137
M10RP10K,2.85,GSMASASSSQKGKSGSGNFGGGKGGGFGGNDNFGKGGNFSGKGGFGGSKGGGGYGGSGDGYNGFGNDGSNFGGGGSYNDFGNYNNQSSNFGPMKGGNFGGKSSGGSGGGGQYFAKPKNQGGYGGSSSSSSYGSGKKF,137
THB_C2,1.91,GPGSEDVWEILRQAPPSEYERIAFQYGVTDLRGMLKRLKGMRRDEKKSTAFQKKLEPAYQVSKGHKIRLTVELADHDAEVKWLKNGQEIQMSGSKYIFESIGAKRTLTISQCSLADDAAYQCVVGGEKCSTELFVKE,137
P7FM7Y,2.72,GSMASASSSQRGRSGSGNFGGGRGGGFGGNDNFGRGGNFSGRGGFGGSRGGGGFGGSGDGFNGFGNDGSNFGGGGSFNDFGNFNNQSSNFGPMKGGNFGGRSSGGSGGGGQFFAKPRNQGGFGGSSSSSSFGSGRRF,137
M12FP12Y,2.6,GSMASASSSQRGRSGSGNYGGGRGGGYGGNDNYGRGGNYSGRGGYGGSRGGGGYGGSGDGYNGYGNDGSNYGGGGSYNDYGNYNNQSSNYGPMKGGNYGGRSSGGSGGGGQYYAKPRNQGGYGGSSSSSSYGSGRRY,137
A1,2.76,GSMASASSSQRGRSGSGNFGGGRGGGFGGNDNFGRGGNFSGRGGFGGSRGGGGYGGSGDGYNGFGNDGSNFGGGGSYNDFGNYNNQSSNFGPMKGGNFGGRSSGGSGGGGQYFAKPRNQGGYGGSSSSSSYGSGRRF,137
M9FP6Y,2.66,GSMASASSSQRGRSGSGNFGGGRGGGYGGNDNYGRGGNYSGRGGFGGSRGGGGYGGSGDGYNGGGNDGSNYGGGGSYNDSGNYNNQSSNFGPMKGGNYGGRSSGGSGGGGQYGAKPRNQGGYGGSSSSSSYGSGRRY,137
aSyn140,3.55,MDVFMKGLSKAKEGVVAAAEKTKQGVAEAAGKTKEGVLYVGSKTKEGVVHGVATVAEKTKEQVTNVGGAVVTGVTAVAQKTVEGAGSIAAATGFVKKDQLGKNEEGAPQEGILEDMPVDPDNEAYEMPSEEGYQDYEPEA,140
P300,3.0,MRGSHHHHHHGMASMTGGQQMGRDLYDDDDKDHPSTISPLKPGTVSQQALQNLLRTLRSPSSPLQQQQVLSILHANPQLLAAFIKQRAAKYANSNPQPIPGQPGMPQGQPGLQPPTMPGQQGVHSNPAMQNMNPMQAGVQR,141
II1_ng,4.0,GKPVGRRPQGGNQPQRPPPPPGKPQGPPPQGGNQSQGPPPPPGKPEGRPPQGRNQSQGPPPHPGKPERPPPQGGNQSQGTPPPPGKPERPPPQGGNQSHRPPPPPGKPERPPPQGGNQSRGPPPHRGKPEGPPPQEGNKSR,141
Calpastatin,3.9,AVPVESKPDKPSGKSGMDAALDDLIDTLGGPEETEEENTTYTGPEVSDPMSSTYIEELGKREVTIPPKYRELLAKKEGITGPPADSSKPIGPDDAIDALSSDFTCGSPTAAGKKTEKEESTEVLKAQSAGTVRSAAPPQEK,141
TtASR1,3.55,GSPEFMAEEKHHHLFHHKEGEDFQPAADGGVDTYGYSTETVVTATGNDGEYERITKEEKHHKHKEHLGEMGAAAAGAFALYEKHEAKKDPEHAHKHKIEEEVAAAAAVGAGGFVFHEHHEKKQDHKEAKEASGEKKHHLFGC,142
FhuA,3.34,SESAWGPAATIAARQSATGTKTDTPIQKVPQSISVVTAEEMALHQPKSVKEALSYTPGVSVGTRGASNTYDHLIIRGFAAEGQSQNNYLNGLKLQGNFYNDAVIDPYMLERAEIMRGPVSVLYGKSSPGGLLNMVSKRPTTEPL,144
HvASR1,3.46,GSPEFMAEEKHHHHLFHHKKEGEDFQPAADGGADVYGYSTETVVTGTGNEGEYERITKEEKHHKHKEHLGEMGAVAAGAFALYEKHEAKKDPEHAHKHKIEEELAAAAAVGAGGFVFHEHHEKKQDHKEAKEASGEKKHHLFGC,144
CAF1_p150L_CTD,4.1,MAERLGKQLKLRAEREEKEKLKEEAKRAKEEAKKKKEEEKELKEKERREKREKDEKEKAEKQRLKEERRKERQEALEAKLEEKRKKEEEKRLREEEKRIKAEKAEITRFFQKPKTPQAPKTLAGSCGKFAPFEIKELEHHHHHH,144
LOXPP,3.7,APPAAGQQQPPREPPAAPGAWRQQIQWENNGQVFSLLSLGSQYQPQRRRDPGAAVPGAANASAQQPRTPILLIRDNRTAAARTRTAGSSGVTAGRPRPTARHWFQAGYSTSRAREAGASRAENQTAPGEVPALSNLRPPSRVDGMVG,147
TIF2_NRID,3.74,ERADGQSRLHDSKGQTKLLQLLTTKSDQMEPSPLASSLSDTNKDSTGSLPGSGSTHGTSLKEKHKILHRLLQDSSSPVDLAKLTAEATGKDLSQESSSTAPGSEVTIKQEPVSPKKKENALLRYLLDKDDTKDIGLPEITPKLERLDSKT,150
N98,2.9,GCFNKSFGTPFGGGTGGFGTTSTFGQNTGFGTTSGGAFGTSAFGSSNNTGGLFGNSQTKPGGLFGTSSFSQPATSTSTGFGFGTSTGTANTLFGTASTGTSLFSSQNNAFAQNKPTGFGNFGTSTSSGGLFGTTNTTSNPFGSTSGSLFGPCA,153
Ubq2,2.19,MASHHHHHHGAQIFVKTLTGKTITLEVEPSDTIENVKAKIQDKEGIPPDQQRLIFAGKQLEDGRTLSDYNIQKESTLHLVLRLRGGMQIFVKTLTGKTITLEVEPSDTIENVKAKIQDKEGIPPDQQRLIFAGKQLEDGRTLSDYNIQKESTLHLVLRLRGG,162
Syndecan4,4.15,GSSHHHHHHSSGLVPRGSHMESIRETEVIDPQDLLEGRYFSGALPDDEDVVGPGQESDDFELSGSGDLDDLEDSMIGPEVVHPLVPLDNHIPERAGSGSQVPTEPKKLEENEVIPKRISPVEESEDVSNKVSMSSTVQGSNIFERTEVLAGCPEHDYKDDDDK,163
AavLEA1,4.1,MGSSHHHHHHSSGLVPRGSHMSSQQNQNRQGEQQEQGYMEAAKEKVVNAWESTKETLSSTAQAAAEKTAEFRDSAGETIRDLTGQAQEKGQEFKERAGEKAEETKQRAGEKMDETKQRAGEMRENAGQKMEEYKQQGKGKAEELRDTAAEKLHQAGEKVKGRD,163
K27,3.7,MSSPGSPGTPGSRSRTPSLPTPPTREPKKVAVVRTPPKSPSSAKSRLQTAPVPMPDLKNVKSKIGSTENLKHQPGGGKVQIVYKPVDLSKVTSKCGSLGNIHHKPGGGQVEVKSEKLDFKDRVQSKIGSLDNITHVPGGGNKKIETHKLTFRENAKAKTDHGAEIVY,167
K10,4.0,MQTAPVPMPDLKNVKSKIGSTENLKHQPGGGKVQIVYKPVDLSKVTSKCGSLGNIHHKPGGGQVEVKSEKLDFKDRVQSKIGSLDNITHVPGGGNKKIETHKLTFRENAKAKTDHGAEIVYKSPVVSGDTSPRHLSNVSSTGSIDMVDSPQLATLADEVSASLAKQGL,168
Nsp1,4.1,GCNFNTPQQNKTPFSFGTANNNSNTTNQNSSTGAGAFGTGQSTFGFNNSAPNNTNNANSSITPAFGSNNTGNTAFGNSNPTSNVFGSNNSTTNTFGSNSAGTSLFGSSSAQQTKSNGTAGGNTFGSSSLFNNSTNSNTTKPAFGGLNFGGGNNTTPSSTGNANTSNNLFGATANANCA,178
ERNTD_S118D,3.69,MTMTLHTKASGMALLHQIQGNELEPLNRPQLKIPLERPLGEVYLDSSKPAVYNYPEGAAYEFNAAAAANAQVYGQTGLPYGPGSEAAAFGSNGIGGFPPLNSVSPSPLMLLHPPPQLDPFLQPHGQQVPYYLENEPSGYTVREAGPPAFYRPNSDNRRQGGRERLASTNDKGSMAMESAKETRY,184
ERNTD_WT,3.39,MTMTLHTKASGMALLHQIQGNELEPLNRPQLKIPLERPLGEVYLDSSKPAVYNYPEGAAYEFNAAAAANAQVYGQTGLPYGPGSEAAAFGSNGIGGFPPLNSVSPSPLMLLHPPPQLSPFLQPHGQQVPYYLENEPSGYTVREAGPPAFYRPNSDNRRQGGRERLASTNDKGSMAMESAKETRY,184
ERNTD_S118A,3.4,MTMTLHTKASGMALLHQIQGNELEPLNRPQLKIPLERPLGEVYLDSSKPAVYNYPEGAAYEFNAAAAANAQVYGQTGLPYGPGSEAAAFGSNGIGGFPPLNSVSPSPLMLLHPPPQLAPFLQPHGQQVPYYLENEPSGYTVREAGPPAFYRPNSDNRRQGGRERLASTNDKGSMAMESAKETRY,184
ERD14,4.6,AEEIKNVPEQEVPKVATEESSAEVTDRGLFDFLGKKKDETKPEETPIASEFEQKVHISEPEPEVKHESLLEKLHRSDSSSSSSSEEEGSDGEKRKKKKEKKKPTTEVEVKEEEKKGFMEKLKEKLPGHKKPEDGSAVAAAPVVVPPPVEEAHPVEKKGILEKIKEKLPGYHPKTTVEEEKKDKE,184
CTCF_RD,3.2,SAERRNSILTETLHRFSLEGDAPVSWTETKKQSFKQTGEFGEKRKNSILNPINSIRKFSIVQKTPLQMNGIEEDSDEPLERRLSLVPDSEQGEAILPRISVISTGPTLQARRRQSVLNLMTHSVNQGQNIHRKTTASTRKVSLAPQANLTELDIYSRRLSQETGLEISEEINEEDLKECFFDDME,185
AN16,5.0,MHHHHHHPGAPAQTPSSQYGAPAQTPSSQYGAPAQTPSSQYGAPAQTPSSQYGAPAQTPSSQYGAPAQTPSSQYGAPAQTPSSQYGAPAQTPSSQYGAPAQTPSSQYGAPAQTPSSQYGAPAQTPSSQYGAPAQTPSSQYGAPAQTPSSQYGAPAQTPSSQYGAPAQTPSSQYGAPAQTPSSQYV,185
K25,4.1,MAEPRQEFEVMEDHAGTYGLGDRKDQGGYTMHQDQEGDTDAGLKAEEAGIGDTPSLEDEAAGHVTQARMVSKSKDGTGSDDKKAKGADGKTKIATPRGAAPPGQKGQANATRIPAKTPPAPKTPPSSGEPPKSGDRSGYSSPGSPGTPGSRSRTPSLPTPPTREPKKVAVVRTPPKSPSSAKSRL,185
Eralpha_NTD,3.0,SNAMTMTLHTKASGMALLHQIQGNELEPLNRPQLKIPLERPLGEVYLDSSKPAVYNYPEGAAYEFNAAAAANAQVYGQTGLPYGPGSEAAAFGSNGLGGFPPLNSVSPSPLMLLHPPPQLSPFLQPHGQQVPYYLENEPSGYTVREAGPPAFYRPNSDNRRQGGRERLASTNDKGSMAMESAKETRY,187
N_FATZ_1,3.5,MAHHHHHHVDDDDKIMPLSGTPAPNKKRKSSKLIMELTGGGQESSGLNLGKKISVPRDVMLEELSLLTNRGSKMFKLRQMRVEKFIYENHPDVFSDSSMDHFQKFLPTVGGQLGTAGQGFSYSKSNGRGGSQAGGSGSAGQYGSDQQHHLGSGSGAGGTGGPAGQAGRGGAAGTAGVGETGSGDQAGGEAE,191
K32,4.2,MSSPGSPGTPGSRSRTPSLPTPPTREPKKVAVVRTPPKSPSSAKSRLQTAPVPMPDLKNVKSKIGSTENLKHQPGGGKVQIINKKLDLSNVQSKCGSKDNIKHVPGGGSVQIVYKPVDLSKVTSKCGSLGNIHHKPGGGQVEVKSEKLDFKDRVQSKIGSLDNITHVPGGGNKKIETHKLTFRENAKAKTDHGAEIVY,198
Delta91_FATZ_1,3.9,GPTVGGQLGTAGQGFSYSKSNGRGGSQAGGSGSAGQYGSDQQHHLGSGSGAGGTGGPAGQAGRGGAAGTAGVGETGSGDQAGGEGKHITVFKTYISPWERAMGVDPQQKMELGIDLLAYGAKAELPKYKSFNRTAMPYGGYEKASKRMTFQMPKFDLGPLLSEPLVLYNQNLSNRPSFNRTPIPWLSSGEPVDYNVDIGIPLDGETEEL,209
CAHSD,4.84,MSGRNVESHMERNEKVVVNNSGHADVKKQQQQVEHTEFTHTEVKAPLIHPAPPIISTGAAGLAEEIVGQGFTASAARISGGTAEVHLQPSAAMTEEARRDQERYRQEQESIAKQQEREMEKKTEAYRKTAEAEAEKIRKELEKQHARDVEFRKDLIESTIDRQKREVDLEAKMAKRELDREGQLAKEALERSRLATNVEVNFDSAAGHTVSGGTTVSTSDKMEIKRN,227
Ubq3,2.62,MQIFVKTLTGKTITLEVEPSDTIENVKAKIQDKEGIPPDQQRLIFAGKQLEDGRTLSDYNIQKESTLHLVLRLRGGMQIFVKTLTGKTITLEVEPSDTIENVKAKIQDKEGIPPDQQRLIFAGKQLEDGRTLSDYNIQKESTLHLVLRLRGGMQIFVKTLTGKTITLEVEPSDTIENVKAKIQDKEGIPPDQQRLIFAGKQLEDGRTLSDYNIQKESTLHLVLRLRGG,228
Gal3,2.91,MADNFSLHDALSGSGNPNPQGWPGAWGNQPAGAGGYPGASYPGAYPGQAPPGAYPGQAPPGAYHGAPGAYPGAPAPGVYPGPPSGPGAYPSSGQPSAPGAYPATGPYGAPAGPLIVPYNLPLPGGVVPRMLITILGTVKPNANRIALDFQRGNDVAFHFNPRFNENNRRVIVCNTKLDNNWGREERQSVFPFESGKPFKIQVLVEPDHFKVAVNDAHLLQYNHRVKKLNEISKLGISGDIDLTSASYTMI,250
K23,4.9,MAEPRQEFEVMEDHAGTYGLGDRKDQGGYTMHQDQEGDTDAGLKAEEAGIGDTPSLEDEAAGHVTQARMVSKSKDGTGSDDKKAKGADGKTKIATPRGAAPPGQKGQANATRIPAKTPPAPKTPPSSGEPPKSGDRSGYSSPGSPGTPGSRSRTPSLPTPPTREPKKVAVVRTPPKSPSSAKSRLTHKLTFRENAKAKTDHGAEIVYKSPVVSGDTSPRHLSNVSSTGSIDMVDSPQLATLADEVSASLAKQGL,254
tau35,4.64,EPPKSGDRSGYSSPGSPGTPGSRSRTPSLPTPPTREPKKVAVVRTPPKSPSSAKSRLQTAPVPMPDLKNVKSKIGSTENLKHQPGGGKVQIINKKLDLSNVQSKCGSKDNIKHVPGGGSVQIVYKPVDLSKVTSKCGSLGNIHHKPGGGQVEVKSEKLDFKDRVQSKIGSLDNITHVPGGGNKKIETHKLTFRENAKAKTDHGAEIVYKSPVVSGDTSPRHLSNVSSTGSIDMVDSPQLATLADEVSASLAKQGL,255
ERD10,6.0,AEEYKNTVPEQETPKVATEESSAPEIKERGMFDFLKKKEEVKPQETTTLASEFEHKTQISEPESFVAKHEEEEHKPTLLEQLHQKHEEEEENKPSLLDKLHRSNSSSSSSSDEEGEDGEKKKKEKKKKIVEGDHVKTVEEENQGVMDRIKEKFPLGEKPGGDDVPVVTTMPAPHSVEDHKPEEEEKKGFMDKIKEKLPGHSKKPEDSQVVNTTPLVETATPIADIPEEKKGFMDKIKEKLPGYHAKTTGEEEKKEKVSD,259
NCoR_NID,4.7,GPHMQVPRTHRLITLADHICQIITQDFARNQVPSQASTSTFQTSPSALSSTPVRTKTSSRYSPESQSQTVLHPRPGPRVSPENLVDKSRGSRPGKSPERSHIPSEPYEPISPPQGPAVHEKQDSMLLLSQRGVDPAEQRSDSRSPGSISYLPSFFTKLESTSPMVKSKKQEIFRKLNSSGGGDSDMAAAQPGTEIFNLPAVTTSGAVSSRSHSFADPASNLGLEDIIRKALMGSFDDKVEDHGVVMSHPVGIMPGSASTSVVTSSEARRDE,271
TIA1,2.75,GEDEMPKTLYVGNLSRDVTEALILQLFSQIGPCKNCKMIMDTAGNDPYCFVEFHEHRHAAAALAAMNGRKIMGKEVKVNWATTPSSQKLPQTGNHFHVFVGDLSPEITTEDIKAAFAPFGRISDARVVKDMATGKSKGYGFVSFFNKWDAENAIQQMGGQWLGGRQIRTNWATRKPPAPKSTYESNTKQLSYDEVVNQSSPSNCTVYCGGVTSGLTEQLMRQTFSPFGQIMEIRVFPDKGYSFVRFNSHESAAHAIVSVNGTTIEGHVVKCYWGK,275
K44,5.2,MAEPRQEFEVMEDHAGTYGLGDRKDQGGYTMHQDQEGDTDAGLKAEEAGIGDTPSLEDEAAGHVTQARMVSKSKDGTGSDDKKAKGADGKTKIATPRGAAPPGQKGQANATRIPAKTPPAPKTPPSSGEPPKSGDRSGYSSPGSPGTPGSRSRTPSLPTPPTREPKKVAVVRTPPKSPSSAKSRLQTAPVPMPDLKNVKSKIGSTENLKHQPGGGKVQIVYKPVDLSKVTSKCGSLGNIHHKPGGGQVEVKSEKLDFKDRVQSKIGSLDNITHVPGGGNKKIE,283
Ubq4,3.19,MQIFVKTLTGKTITLEVEPSDTIENVKAKIQDKEGIPPDQQRLIFAGKQLEDGRTLSDYNIQKESTLHLVLRLRGGMQIFVKTLTGKTITLEVEPSDTIENVKAKIQDKEGIPPDQQRLIFAGKQLEDGRTLSDYNIQKESTLHLVLRLRGGMQIFVKTLTGKTITLEVEPSDTIENVKAKIQDKEGIPPDQQRLIFAGKQLEDGRTLSDYNIQKESTLHLVLRLRGGMQIFVKTLTGKTITLEVEPSDTIENVKAKIQDKEGIPPDQQRLIFAGKQLEDGRTLSDYNIQKESTLHLVLRLRGG,304
RpII215_CTD,5.2,SPSYSPTSPNYTASSPGGASPNYSPSSPNYSPTSPLYASPRYASTTPNFNPQSTGYSPSSSGYSPTSPVYSPTVQFQSSPSFAGSGSNIYSPGNAYSPSSSNYSPNSPSYSPTSPSYSPSSPSYSPTSPCYSPTSPSYSPTSPNYTPVTPSYSPTSPNYSASPQYSPASPAYSQTGVKYSPTSPTYSPPSPSYDGSPGSPQYTPGSPQYSPASPKYSPTSPLYSPSSPQHSPSNQYSPTGSTYSATSPRYSPNMSIYSPSSTKYSPTSPTYTPTARNYSPTSPMYSPTAPSHYSPTSPAYSPSSPTFEESED,312
Msh6_NTR,5.6,MAPATPKTSKTAHFENGSTSSQKKMKQSSLLSFFSKQVPSGTPSKKVQKPTPATLENTATDKITKNPQGGKTGKLFVDVDEDNDLTIAEETVSTVRSDIMHSQEPQSDTMLNSNTTEPKSTTTDEDLSSSQSRRNHKRRVNYAESDDDDSDTTFTAKRKKGKVVDSESDEDEYLPDKNDGDEDDDIADDKEDIKGELAEDSGDDDDLISLAETTSKKKFSYNTSHSSSPFTRNISRDNSKKKSRPNQAPSRSYNPSHSQPSATSKSSKFNKQNEERYQWLVDERDAQRRPKSDPEYDPRTLYIPALEHHHHHH,313
hnRNPA1S,3.12,MSKSESPKEPEQLRKLFIGGLSFETTDESLRSHFEQWGTLTDCVVMRDPNTKRSRGFGFVTYATVEEVDAAMNARPHKVDGRVVEPKRAVSREDSQRPGAHLTVKKIFVGGIKEDTEEHHLRDYFEQYGKIEVIEIMTDRGSGKKRGFAFVTFDDHDSVDKIVIQKYHTVNGHNCEVRKALSKQEMASASSSQRGRSGSGNFGGGRGGGFGGNDNFGRGGNFSGRGGFGGSRGGGGYGGSGDGYNGFGNDGSNFGGGGNYNNQSSNFGPMKGGNFGGRSSGPYGGGGQYFAKPRNQGGYGGSSSSSSYGSGRRF,314
CortactinCRH,4.74,GPLGSGYGGKFGVEQDRMDKSAVGHEYQSKLSKHCSQVDSVRGFGGKFGVQMDRVDQSAVGFEYQGKTEKHASQKDYSSGFGGKYGVQADRVDKSAVGFDYQGKTEKHESQRDYSKGFGGKYGIDKDKVDKSAVGFEYQGKTEKHESQKDYVKGFGGKFGVQTDRQDKCALGWDHQEKLQLHESQKDYKTGFGGKFGVQSERQDSAAVGFDYKEKLAKHESQQDYSKGFGGKYGVQKDRMDKNASTFEDVTQVSSAYQKTVPVEAVTSKTSNIRANFENLAKEKEQEDRRKAEAERAQRMAKERQEQEEARRKLEEQARAKTQT,324
PNtS4,5.34,DWNNQSIVKTGERQHGIHIQGSDPGGVRTASGTTIKVSGRQAQGILLENPAAELQFRNGSVTSSGQLSFVGITRDLGRDTVKAGKLVADHATLANVGDTWDDDGIALYVAGEQAQASIADSTLQGAGGVQIERGADVRVQREAIVDGGLHNGALQSLQPSILPPSTVVLRDTNVTAVPASGAPAAVLVSGASGLRLDGGHIHEGRAAGVAAMQGAVVTLQTATIRRGEALAGGAVPGGAVPGGAVPGGFGPGGFGPVLDGWYGVDVSGSSVELAQSIVEAPELGAAIRVGRGARVTVPGGSLSAPHGNVIETGGARRFAPQAAPLSITLQAGAH,334
PNtS1,4.92,DWNNQSIVKTGERQHGIHIQGSDPGGVRTASGTTIKVSGRQAQGILLENPAAELQFRNGSVTSSGQKSDDGIRRFLGTVTVLAGKLVADHATLANVGDTWDDDGIALYVAGEQAQASIADSTLQGAGGVQIERGANVTVQRSAIVLGGLHIGALQSLQPEDDPPSRVVLRDTNVTAVPASGAPAAVSVLGASLLTLDGGHITGGRAAGVAAMQGAVVHEQRATIRRGEALAGGAVPGGAVPGGAVPGGFGPGGFGPVLDGWYGVDVSGSSVELAQSIVEAPELGAAIRVGRGARVTVPGGSLSAPHGNVIETGGARRFAPQAAPLSITLQAGAH,334
PNtS6,5.26,DWNNQSIVKTGERQHGIHIQGSDPGGVRTASGTTIKVSGRQAQGILLENPAAELQFRNGSVTSSGQLSDRGIDRFLGTVTVEAGKLVADHATLANVGDTWDKDGIALYVAGRQAQASIADSTLQGAGGVQIREGANVTVQRSAIVDGGLHIGALQSLQPERLPPSDVVLRDTNVTAVPASGAPAAVSVLGASRLTLDGGHITGGDAAGVAAMQGAVVHLQRATIERGEALAGGAVPGGAVPGGAVPGGFGPGGFGPVLDGWYGVDVSGSSVELAQSIVEAPELGAAIRVGRGARVTVPGGSLSAPHGNVIETGGARRFAPQAAPLSITLQAGAH,334
PNtS5,4.87,DWNNQSIVKTGERQHGIHIQGSDPGGVRTASGTTIKVSGRQAQGILLENPAAELQFRNGSVTSSGQLSDDGIEDFLGTVTVDAGELVADHATLANVGDTWDDDGIALYVAGEQAQASIADSTLQGAGGVQIEDGANVTVQESAIVDGGLHIGALQSLQPRRLPPSRVVLRKTNVTAVPASGAPAAVSVLGASKLTLRGGHITGGRAAGVAAMQGAVVHLQRATIRRGRALAGGAVPGGAVPGGAVPGGFGPGGFGPVLDGWYGVDVSGSSVELAQSIVEAPELGAAIRVGRGARVTVPGGSLSAPHGNVIETGGARRFAPQAAPLSITLQAGAH,334
PNt,5.11,DWNNQSIVKTGERQHGIHIQGSDPGGVRTASGTTIKVSGRQAQGILLENPAAELQFRNGSVTSSGQLSDDGIRRFLGTVTVKAGKLVADHATLANVGDTWDDDGIALYVAGEQAQASIADSTLQGAGGVQIERGANVTVQRSAIVDGGLHIGALQSLQPEDLPPSRVVLRDTNVTAVPASGAPAAVSVLGASELTLDGGHITGGRAAGVAAMQGAVVHLQRATIRRGEALAGGAVPGGAVPGGAVPGGFGPGGFGPVLDGWYGVDVSGSSVELAQSIVEAPELGAAIRVGRGARVTVPGGSLSAPHGNVIETGGARRFAPQAAPLSITLQAGAH,334
GHRICD,6.0,SKQQRIKMLILPPVPVPKIKGIDPDLLKEGKLEEVNTILAIHDSYKPEFHSDDSWVEFIELDIDEPDEKTEESDTDRLLSSDHEKSHSNLGVKDGDSGRTSCCEPDILETDFNANDIHEGTSEVAQPQRLKGEADLLCLDQKNQNNSPYHDACPATQQPSVIQAEKNKPQPLPTEGAESTHQAAHIQLSNPSSLSNIDFYAQVSDITPAGSVVLSPGQKNKAGMSQCDMHPEMVSLCQENFLMDNAYFCEADAKKCIPVAPHIKVESHIQPSLNQEDIYITTESLTTAAGRPGTGEHVPGSEMPVPDYTSIHIVQSPQGLILNATALPLPDKEFLSSCGYVSTDQLNKIMP,351
Syndecan3,6.5,MGSSHHHHHHSSGLVPRGSMAQRWRSENFERPVDLEGSGDDDSFPDDELDDLYSGSGSGYFEQESGIETAMETRFSPDVALAVSTTPAVLPTTNIQPVGTPFEELPSERPTLEPATSPLVVTEVPEEPSQRATTVSTTMETATTAATSTGDPTVATVPATVATATPSTPAAPPFTATTAVIRTTGVRRLLPLPLTTVATARATTPEAPSPPTTAAVLDTEAPTPRLVSTATSRPRALPRPATTQEPDIPERSTLPLGTTAPGPTEVAQTPTPETFLTTIRDEPEVPVSGGPSGDFELPEEETTQPDTANEVVAVGGAAAKASSPPGTLPKGARPGPGLLDNAIDSGSSAAQLPQKSILERKEVLVDYKDDDDK,373
NiVPNT,6.1,MDKLELVNDGLNIIDFIQKNQKEIQKTYGRSSIQQPSIKDQTKAWEDFLQCTSGESEQVEGGMSKDDGDVERRNLEDLSSTSPTDGTIGKRVSNTRDWAEGSDDIQLDPVVTDVVYHDHGGECTGYGFTSSPERGWSDYTSGANNGNVCLVSDAKMLSYAPEIAVSKEDRETDLVHLENKLSTTGLNPTAVPFTLRNLSDPAKDSPVIAEHYYGLGVKEQNVGPQTSRNVNLDSIKLYTSDDEEADQLEFEDEFAGSSSEVIVGISPEDEEPSSVGGKPNESIGRTIEGQSIRDNLQAKDNKSTDVPGAGPKDSAVKEEPPQKRLPMLAEEFECSGSEDPIIRELLKENSLINCQQGKDAQPPYHWSIERSISPDKTEIVNGAVQTADRQRPGTPMPKSRGIPIKKHHHHHH,412
hSUMO_hnRNPA1S,3.37,MGSSHHHHHHGSGLVPRGSASMSDSEVNQEAKPEVKPEVKPETHINLKVSDGSSEIFFKIKKTTPLRRLMEAFAKRQGKEMDSLRFLYDGIRIQADQTPEDLDMEDNDIIEAHREQIGGMSKSESPKEPEQLRKLFIGGLSFETTDESLRSHFEQWGTLTDCVVMRDPNTKRSRGFGFVTYATVEEVDAAMNARPHKVDGRVVEPKRAVSREDSQRPGAHLTVKKIFVGGIKEDTEEHHLRDYFEQYGKIEVIEIMTDRGSGKKRGFAFVTFDDHDSVDKIVIQKYHTVNGHNCEVRKALSKQEMASASSSQRGRSGSGNFGGGRGGGFGGNDNFGRGGNFSGRGGFGGSRGGGGYGGSGDGYNGFGNDGSNFGGGGNYNNQSSNFGPMKGGNFGGRSSGPYGGGGQYFAKPRNQGGYGGSSSSSSYGSGRRF,433
MAP2c,6.7,MADERKDEGKAPHWTSASLTEAAAHPHSPEMKDQGGSGEGLSRSANGFPYREEEEGAFGEHGSQGTYSDTKENGINGELTSADRETAEEVSARIVQVVTAEAVAVLKGEQEKEAQHKDQPAALPLAAEETVNLPPSPPPSPASEQTAALEEATSGESAQAPSAFKQAKDKVTDGITKSPEKRSSLPRPSSILPPRRGVSGDREENSFSLNSSISSARRTTRSEPIRRAGKSGTSTPTTPGSTAITPGTPPSYSSRTPGTPGTPSYPRTPGTPKSGILVPSEKKVAIIRTPPKSPATPKQLRLINQPLPDLKNVKSKIGSTDNIKYQPKGGQVQIVTKKIDLSHVTSKCGSLKNIRHRPGGGRVKIESVKLDFKEKAQAKVGSLDNAHHVPGGGNVKIDSQKLNFREHAKARVDHGAEIITQSPSRSSVASPRRLSNVSSSGSINLLESPQLATLAEDVTAALAKQGL,467
GS0,3.2,SKGEELFTGVVPILVELDGDVNGHKFSVSGEGEGDATYGKLTLKFICTTGKLPVPWPTLVTTLSWGVQCFARYPDHMKQHDFFKSAMPEGYVQERTIFFKDDGNYKTRAEVKFEGDTLVNRIELKGIDFKEDGNILGHKLEYNYFSDNVYITADKQKNGIKANFKIRHNIEDGGVQLADHYQQNTPIGDGPVLLPDNHYLSTQSKLSKDPNEKRDHMVLLEFVTAAGITLGMDELYKEGLSKLMVSKGEEDNMASLPATHELHIFGSINGVDFDMVGQGTGNPNDGYEELNLKSTKGDLQFSPWILVPHIGYGFHQYLPYPDGMSPFQAAMVDGSGYQVHRTMQFEDGASLTVNYRYTYEGSHIKGEAQVKGTGFPADGPVMTNSLTAADWCRSKKTYPNDKTIISTFKWSYTTGNGKRYRSTARTTYTFAKPMAANYLKNQPMYVFRKTELKHSKTELNFKEWQKAFTD,470
GS8,3.37,SKGEELFTGVVPILVELDGDVNGHKFSVSGEGEGDATYGKLTLKFICTTGKLPVPWPTLVTTLSWGVQCFARYPDHMKQHDFFKSAMPEGYVQERTIFFKDDGNYKTRAEVKFEGDTLVNRIELKGIDFKEDGNILGHKLEYNYFSDNVYITADKQKNGIKANFKIRHNIEDGGVQLADHYQQNTPIGDGPVLLPDNHYLSTQSKLSKDPNEKRDHMVLLEFVTAAGITLGMDELYKEGLSGSGSGSGSGSGSGSGSKLMVSKGEEDNMASLPATHELHIFGSINGVDFDMVGQGTGNPNDGYEELNLKSTKGDLQFSPWILVPHIGYGFHQYLPYPDGMSPFQAAMVDGSGYQVHRTMQFEDGASLTVNYRYTYEGSHIKGEAQVKGTGFPADGPVMTNSLTAADWCRSKKTYPNDKTIISTFKWSYTTGNGKRYRSTARTTYTFAKPMAANYLKNQPMYVFRKTELKHSKTELNFKEWQKAFTD,486
GS16,3.45,SKGEELFTGVVPILVELDGDVNGHKFSVSGEGEGDATYGKLTLKFICTTGKLPVPWPTLVTTLSWGVQCFARYPDHMKQHDFFKSAMPEGYVQERTIFFKDDGNYKTRAEVKFEGDTLVNRIELKGIDFKEDGNILGHKLEYNYFSDNVYITADKQKNGIKANFKIRHNIEDGGVQLADHYQQNTPIGDGPVLLPDNHYLSTQSKLSKDPNEKRDHMVLLEFVTAAGITLGMDELYKEGLSGSGSGSGSGSGSGSGSGSGSGSGSGSGSGSGSKLMVSKGEEDNMASLPATHELHIFGSINGVDFDMVGQGTGNPNDGYEELNLKSTKGDLQFSPWILVPHIGYGFHQYLPYPDGMSPFQAAMVDGSGYQVHRTMQFEDGASLTVNYRYTYEGSHIKGEAQVKGTGFPADGPVMTNSLTAADWCRSKKTYPNDKTIISTFKWSYTTGNGKRYRSTARTTYTFAKPMAANYLKNQPMYVFRKTELKHSKTELNFKEWQKAFTD,502
GS24,3.57,SKGEELFTGVVPILVELDGDVNGHKFSVSGEGEGDATYGKLTLKFICTTGKLPVPWPTLVTTLSWGVQCFARYPDHMKQHDFFKSAMPEGYVQERTIFFKDDGNYKTRAEVKFEGDTLVNRIELKGIDFKEDGNILGHKLEYNYFSDNVYITADKQKNGIKANFKIRHNIEDGGVQLADHYQQNTPIGDGPVLLPDNHYLSTQSKLSKDPNEKRDHMVLLEFVTAAGITLGMDELYKEGLSGSGSGSGSGSGSGSGSGSGSGSGSGSGSGSGSGSGSGSGSGSGSGSGSKLMVSKGEEDNMASLPATHELHIFGSINGVDFDMVGQGTGNPNDGYEELNLKSTKGDLQFSPWILVPHIGYGFHQYLPYPDGMSPFQAAMVDGSGYQVHRTMQFEDGASLTVNYRYTYEGSHIKGEAQVKGTGFPADGPVMTNSLTAADWCRSKKTYPNDKTIISTFKWSYTTGNGKRYRSTARTTYTFAKPMAANYLKNQPMYVFRKTELKHSKTELNFKEWQKAFTD,518
GS32,3.75,SKGEELFTGVVPILVELDGDVNGHKFSVSGEGEGDATYGKLTLKFICTTGKLPVPWPTLVTTLSWGVQCFARYPDHMKQHDFFKSAMPEGYVQERTIFFKDDGNYKTRAEVKFEGDTLVNRIELKGIDFKEDGNILGHKLEYNYFSDNVYITADKQKNGIKANFKIRHNIEDGGVQLADHYQQNTPIGDGPVLLPDNHYLSTQSKLSKDPNEKRDHMVLLEFVTAAGITLGMDELYKEGLSGSGSGSGSGSGSGSGSGSGSGSGSGSGSGSGSGSGSGSGSGSGSGSGSGSGSGSGSGSGSGSGSKLMVSKGEEDNMASLPATHELHIFGSINGVDFDMVGQGTGNPNDGYEELNLKSTKGDLQFSPWILVPHIGYGFHQYLPYPDGMSPFQAAMVDGSGYQVHRTMQFEDGASLTVNYRYTYEGSHIKGEAQVKGTGFPADGPVMTNSLTAADWCRSKKTYPNDKTIISTFKWSYTTGNGKRYRSTARTTYTFAKPMAANYLKNQPMYVFRKTELKHSKTELNFKEWQKAFTD,534
GS48,4.11,SKGEELFTGVVPILVELDGDVNGHKFSVSGEGEGDATYGKLTLKFICTTGKLPVPWPTLVTTLSWGVQCFARYPDHMKQHDFFKSAMPEGYVQERTIFFKDDGNYKTRAEVKFEGDTLVNRIELKGIDFKEDGNILGHKLEYNYFSDNVYITADKQKNGIKANFKIRHNIEDGGVQLADHYQQNTPIGDGPVLLPDNHYLSTQSKLSKDPNEKRDHMVLLEFVTAAGITLGMDELYKEGLSGSGSGSGSGSGSGSGSGSGSGSGSGSGSGSGSGSGSGSGSGSGSGSGSGSGSGSGSGSGSGSGSGSGSGSGSGSGSGSGSGSGSGSGSGSGSGSGSKLMVSKGEEDNMASLPATHELHIFGSINGVDFDMVGQGTGNPNDGYEELNLKSTKGDLQFSPWILVPHIGYGFHQYLPYPDGMSPFQAAMVDGSGYQVHRTMQFEDGASLTVNYRYTYEGSHIKGEAQVKGTGFPADGPVMTNSLTAADWCRSKKTYPNDKTIISTFKWSYTTGNGKRYRSTARTTYTFAKPMAANYLKNQPMYVFRKTELKHSKTELNFKEWQKAFTD,566
